title,url,description,content
"Người Syria mừng, lo khi quân nổi dậy tiến vào Damascus",https://vnexpress.net/nguoi-syria-mung-lo-khi-quan-noi-day-tien-vao-damascus-4825455.html,"Nhiều người Syria ra đường xuyên đêm vì quân nổi dậy kiểm soát thủ đô Damascus, nhưng số khác lo ngại về an ninh đất nước khi chính phủ sụp đổ.","Hayat Tahrir al-Sham (HTS), nhóm phiến quân mạnh nhất Syria, cùng các lực lượng đồng minh ngày 8/12 tiến vào thủ đô Damascus, lật đổ chính quyền Tổng thống Bashar al-Assad chỉ sau 11 ngày phát động chiến dịch tấn công quy mô lớn ở Aleppo. ""Không ai ngủ ở Syria đêm qua, người Syria nào ở nước ngoài cũng không chợp mắt. Toàn bộ đều cầm điện thoại theo dõi tin tức. Quá choáng ngợp"", Rania Katar, quản trị viên trang Facebook Humans of Damascus, nói. Một tay súng hướng vũ khí lên ăn mừng ở Damascus, thủ đô Syria, ngày 8/12. Ảnh: Reuters Danny Makki, phóng viên tại Damascus, cho hay nhiều người dân đổ ra đường chụp ảnh, nhảy múa, khóc cười khi các tay súng HTS tiến vào thủ đô. Một số bắn chỉ thiên tại trụ sở các cơ quan chính phủ, dường như để ăn mừng. Một người dân Damascus cho biết sau hơn một thập kỷ sống trong sợ hãi, lo lắng vì xung đột, lần đầu tiên họ ""thực sự cảm thấy tự do"". Từ thành phố Deraa ở miền nam Syria, Yazan Al Amaria, chủ một cửa hàng điện thoại nhỏ, đã cùng bạn bè kéo đến Damascus vào sáng 8/12, khi quân nổi dậy tiến vào thủ đô. ""Chúng tôi không thể nắm bắt hoàn toàn tình hình qua tin tức. Người Syria rất sợ tin đồn. Khi biết điều đó là thật, mọi người cảm thấy như trong mơ. Chúng tôi khóc vì mừng, do từng rất sợ hãi cho đến hôm nay"", Amaria nói, cho hay đây là lần đầu tiên sau nhiều năm anh có thể di chuyển tự do khỏi thành phố Deraa. HTS và các nhóm đồng minh từng kiểm soát nhiều vùng lãnh thổ rộng lớn ở miền bắc Syria, trước khi Nga năm 2015 điều lực lượng tới hỗ trợ chính quyền Tổng thống Assad đối phó Nhà nước Hồi giáo (IS) tự xưng và các nhóm phiến quân. Sự hỗ trợ của Nga đã giúp chính quyền Assad lật ngược tình thế, đánh bại IS và đẩy lùi các nhóm đối lập tới miền bắc Syria, giáp biên giới Thổ Nhĩ Kỳ. Nhưng từ sau khi xung đột Ukraine bùng phát, Nga dường như đã rút gần hết lực lượng khỏi Syria. Trong khi đó, chính phủ của Tổng thống Assad không thể vực dậy kinh tế Syria, vốn rơi vào tình trạng kiệt quệ suốt nhiều năm. 90% người dân nước này sống dưới mức nghèo khổ, trợ cấp nhà nước cho nhiên liệu và lương thực bị cắt giảm nghiêm trọng. ""Người dân tại các khu vực do chính phủ kiểm soát cảm thấy sâu sắc rằng mọi thứ sẽ không cải thiện, cũng không có triển vọng khá hơn"", Jihad Yazigi, tổng biên tập tờ Syria Report, nhận định. Cục diện Syria ngày 27/11 và 8/12. Đồ họa: Al Jazeera Dù nhiều người Syria đang ăn mừng, một cựu binh ở Syria nhấn mạnh mối bận tâm trước mắt của mọi người là an ninh và ""đảm bảo không xảy ra xung đột nội bộ giữa các nhóm nổi dậy"". Thủ lĩnh HTS Ahmed Hussein al-Shara nói lực lượng tại Damascus chưa tiếp quản các cơ quan công quyền. ""Những cơ quan này tiếp tục nằm dưới sự lãnh đạo của Thủ tướng Syria Mohammed al-Jalali tới khi chính thức được bàn giao"", al-Shara cho biết. Thủ tướng al-Jalali nói sẵn sàng cho quá trình chuyển giao quyền lực và sẽ hợp tác với những lãnh đạo mà người dân lựa chọn. Ông kêu gọi mọi người ""suy nghĩ một cách lý trí về đất nước và chìa tay với phe đối lập, những người khẳng định sẽ không làm hại bất kỳ ai tại Syria"". Nhưng nhiều người khác vẫn lo lắng về tương lai bất định. Một người Syria ở London lo ngại rằng những người thân trong gia đình theo Chính thống giáo Đông Phương đang sống ở vùng duyên hải Syria sẽ gặp nguy hiểm đến tính mạng giữa tình cảnh rối ren. ""Mọi người đang hoảng loạn, gói ghém hành lý tìm cách rời đất nước, nhưng biên giới với Lebanon và Jordan đã bị đóng cửa"", người đàn ông giấu tên nói. ""Gia đình tôi đang chờ xem liệu có sân bay nào mở cửa, cho phép đến bất kỳ quốc gia nào xung quanh hay không"". Dòng phương tiện đến và rời thủ đô Damascus, Syria, ngày 8/12. Ảnh: Reuters Người này cho rằng một số dân Damascus phải tỏ ra hồ hởi, vui mừng khi các tay súng nổi dậy tiến vào vì lo sợ cho tính mạng của mình. ""Chúng tôi không biết tương lai sẽ ra sao sau khi chính quyền Tổng thống Assad sụp đổ"", ông nói. Lực lượng HTS đã tuyên bố sẽ đảm bảo an toàn cho những người theo đạo Thiên chúa và người Shiite ở Syria, cam kết sẽ không để các tay súng dưới quyền có hành vi bạo lực nhắm vào nhóm tôn giáo thiểu số. ""Chúng tôi chỉ không biết tuyên bố này được thực hiện đến đâu"", người đàn ông Syria ở London nói, đề cập đến việc HTS từng liên quan đến nhóm khủng bố al-Qaeda. Đức Trung (Theo BBC, Al Jazeera, Syrian Times, Al Watan)"
Ông Trump quảng cáo nước hoa 'khiến đối thủ cũng không cưỡng lại được',https://vnexpress.net/ong-trump-quang-cao-nuoc-hoa-khien-doi-thu-cung-khong-cuong-lai-duoc-4825462.html,"Tổng thống đắc cử Donald Trump đăng ảnh ngồi gần bà Jill Biden ở Nhà thờ Đức bà Paris để quảng cáo rằng nước hoa ông bán ""khiến đối thủ cũng không cưỡng lại được"".","""Đây là loại nước hoa mới nhãn hiệu Trump! Tôi đặt tên chúng là 'Chiến đấu, Chiến đấu, Chiến đấu', bởi chúng đại diện cho việc chúng ta đang chiến thắng"", Tổng thống Mỹ đắc cử Donald Trump viết trên mạng xã hội Truth Social ngày 8/12. ""Đây là món quà Giáng sinh tuyệt vời cho gia đình. Giáng sinh an lành và Năm mới vui vẻ!"" Ảnh quảng cáo loại nước hoa mới mà ông Trump đăng trên mạng xã hội ngày 8/12. Ảnh: Truth Social/Donald J.Trump Bài đăng kèm ảnh của ông Trump ngồi gần Đệ nhất phu nhân Mỹ Jill Biden trong dịp tới Pháp dự lễ tái mở cửa Nhà thờ Đức Bà Paris hôm 7/12, trước khi Đệ nhất phu nhân Pháp Brigitte Macron ngồi giữa hai người. Phía dưới bức ảnh là dòng chữ ""Mùi hương khiến đối thủ cũng không cưỡng lại được"". Trên trang web giới thiệu nước hoa, ông Trump cho hay mẫu nước hoa này là ""Lời cổ vũ vang dội gói gọn trong một chiếc chai"". Chai nước hoa in hình ông Trump giơ nắm đấm lên trời, kèm dòng chữ ""chiến đấu, chiến đấu, chiến đấu"", gợi nhớ đến vụ ám sát hụt hồi tháng 7. Dòng nước hoa cologne dành cho nam và perfume dành cho nữ đều bán với giá 199 USD. Cologne là loại nước hoa chứa 2-4% tinh dầu, còn perfume chứa 20-30% tinh dầu, là loại cao cấp nhất và giữ mùi hương lâu nhất. Trước đó, ông Trump từng quảng cáo mẫu giày sneaker cao cổ ánh kim giá 399 USD và một bộ sưu tập đồng hồ xa xỉ. Ông cũng tung mẫu nước hoa Victory 47 (Chiến thắng, trở thành tổng thống thứ 47 của nước Mỹ). Ngay sau cuộc bầu cử 5/11, ông đã bán đàn guitar MAGA (Đưa nước Mỹ vĩ đại trở lại) có chữ ký giá 11.000 USD. Hồng Hạnh (Theo Hill)"
Nhà thờ Đức Bà Paris rực sáng trong ngày mở cửa trở lại,https://vnexpress.net/nha-tho-duc-ba-paris-ruc-sang-trong-ngay-mo-cua-tro-lai-4825280.html,"Hàng chục nguyên thủ và lãnh đạo quốc gia, cùng hàng nghìn người dân và du khách, đã có mặt ở Paris để chứng kiến buổi lễ mở cửa lại Nhà thờ Đức Bà.","Bất chấp mưa phùn gió bấc bên bờ sông Sein, hàng nghìn người dân Paris và du khách kiên nhẫn đứng ngoài Nhà thờ Đức Bà Paris từ chiều 7/12, để chứng kiến sự phục hưng của biểu tượng kiến trúc xây dựng từ thế kỷ 12 đã bị tàn phá nghiêm trọng sau trận hỏa hoạn năm 2019. ""Tôi thấy nhà thờ rất đẹp, thậm chí còn đẹp hơn thời trước"", Marie Jean, 27 tuổi, nha sĩ đến từ tây nam nước Pháp, nói. Bất chấp mưa phùn gió bấc bên bờ sông Sein, hàng nghìn người dân Paris và du khách kiên nhẫn đứng ngoài Nhà thờ Đức Bà Paris từ chiều 7/12, để chứng kiến sự phục hưng của biểu tượng kiến trúc xây dựng từ thế kỷ 12 đã bị tàn phá nghiêm trọng sau trận hỏa hoạn năm 2019. ""Tôi thấy nhà thờ rất đẹp, thậm chí còn đẹp hơn thời trước"", Marie Jean, 27 tuổi, nha sĩ đến từ tây nam nước Pháp, nói. Tổng thống Pháp Emmanuel Macron trò chuyện với Tổng thống Mỹ đắc cử Donald Trump trước khi buổi lễ bắt đầu. Ông Trump ngồi ở hàng ghế đầu với tư cách khách mời danh dự. Các quan khách đều trầm trồ trước những bức tường sạch bóng, nội thất mới và hệ thống chiếu sáng hiện đại của nhà thờ sau khi trùng tu. Khoảng 250 công ty và hàng trăm chuyên gia đã tham gia dự án trùng tu kéo dài 5 năm, trị giá 750 triệu USD lấy ngân sách từ các khoản quyên góp. Hiện chưa rõ nguyên nhân chính xác gây cháy nhà thờ năm 2019. Tổng thống Pháp Emmanuel Macron trò chuyện với Tổng thống Mỹ đắc cử Donald Trump trước khi buổi lễ bắt đầu. Ông Trump ngồi ở hàng ghế đầu với tư cách khách mời danh dự. Các quan khách đều trầm trồ trước những bức tường sạch bóng, nội thất mới và hệ thống chiếu sáng hiện đại của nhà thờ sau khi trùng tu. Khoảng 250 công ty và hàng trăm chuyên gia đã tham gia dự án trùng tu kéo dài 5 năm, trị giá 750 triệu USD lấy ngân sách từ các khoản quyên góp. Hiện chưa rõ nguyên nhân chính xác gây cháy nhà thờ năm 2019. CEO Tesla Elon Musk cũng có mặt tại buổi lễ. Tỷ phú gần đây thường xuyên đồng hành cùng Tổng thống đắc cử Trump trong các sự kiện. Ngồi hàng ghế đầu là các cựu tổng thống Pháp Francois Hollande và Nicolas Sarkozy cùng Thủ tướng sắp mãn nhiệm Michel Barnier. Buổi lễ có sự tham gia của 100 khách VIP, trong đó có hàng chục lãnh đạo nước ngoài, như Thái tử Anh William, Đệ nhất phu nhân Mỹ Jill Biden, Tổng thống Ukraine Zelensky. CEO Tesla Elon Musk cũng có mặt tại buổi lễ. Tỷ phú gần đây thường xuyên đồng hành cùng Tổng thống đắc cử Trump trong các sự kiện. Ngồi hàng ghế đầu là các cựu tổng thống Pháp Francois Hollande và Nicolas Sarkozy cùng Thủ tướng sắp mãn nhiệm Michel Barnier. Buổi lễ có sự tham gia của 100 khách VIP, trong đó có hàng chục lãnh đạo nước ngoài, như Thái tử Anh William, Đệ nhất phu nhân Mỹ Jill Biden, Tổng thống Ukraine Zelensky. Buổi lễ kéo dài hai tiếng với nghi thức đầu tiên là Tổng giám mục Paris gõ cửa nhà thờ ba lần. ""Nhà thờ Đức bà, biểu tượng của đức tin, hãy mở cửa để mang những đứa con tản mác phương xa của Chúa tụ họp cùng nhau trong niềm vui sướng hân hoan"", ông Laurent Ulrich nói, dùng quải trượng chế tác từ thanh dầm mái nhà sót lại trong trận hỏa hoạn, gõ vào cửa nhà thờ. Đám đông đứng bên ngoài ngắm Nhà thờ Đức bà Paris được thắp sáng. Đám đông đứng bên ngoài ngắm Nhà thờ Đức bà Paris được thắp sáng. Tổng giám mục Paris Laurent Ulrich bước vào nhà thờ sau khi gõ cửa. Ông và các giáo sĩ mặc trang phục do nhà thiết kế thời trang người Pháp Jean-Charles de Castelbajac thiết kế. Các mẫu trang phục pha trộn yếu tố hiện đại và trung cổ. Tổng giám mục Paris Laurent Ulrich bước vào nhà thờ sau khi gõ cửa. Ông và các giáo sĩ mặc trang phục do nhà thiết kế thời trang người Pháp Jean-Charles de Castelbajac thiết kế. Các mẫu trang phục pha trộn yếu tố hiện đại và trung cổ. Các quan khách dành tràng pháo tay vinh danh những người lính cứu hỏa đã lao vào biển lửa cứu nhà thờ năm 2019. Các quan khách dành tràng pháo tay vinh danh những người lính cứu hỏa đã lao vào biển lửa cứu nhà thờ năm 2019. Tổng thống Macron phát biểu, bày tỏ ""lòng biết ơn của toàn thể nhân dân Pháp"" đối với những người đã miệt mài tái thiết nhà thờ trong 5 năm qua. ""Nước Pháp đã làm được những gì mà các quốc gia vĩ đại đủ sức làm, đó là thực hiện được những điều bất khả thi"", ông nói. Tổng thống Macron phát biểu, bày tỏ ""lòng biết ơn của toàn thể nhân dân Pháp"" đối với những người đã miệt mài tái thiết nhà thờ trong 5 năm qua. ""Nước Pháp đã làm được những gì mà các quốc gia vĩ đại đủ sức làm, đó là thực hiện được những điều bất khả thi"", ông nói. Quang cảnh buổi lễ nhìn từ trên cao. Quang cảnh buổi lễ nhìn từ trên cao. Buổi lễ trình diễn nhạc cổ điển, xướng ca nhà thờ và organ. Buổi lễ trình diễn nhạc cổ điển, xướng ca nhà thờ và organ. Tổng giám mục Paris dẫn đầu đoàn giáo sĩ đi qua quan khách vào cuối buổi lễ. Giáo hoàng Francis, người đứng đầu Giáo hội Công giáo, không tới dự sự kiện. Ông có lịch trình thăm đảo Corsica thuộc Pháp vào tuần này. Giáo hoàng đã gửi thông điệp tới buổi lễ, nhấn mạnh nơi đây sẽ sớm được ""đám đông khổng lồ từ mọi xuất thân, nguồn gốc, tôn giáo, ngôn ngữ, nền văn hóa tới thăm và chiêm ngưỡng một lần nữa. Nhiều người trong số họ đang tìm kiếm sự toàn vẹn và ý nghĩa trong cuộc sống"". Thông điệp kết thúc bằng việc Giáo hoàng Francis ban phước lành và cầu nguyện cho ""sự bảo vệ của Nhà thờ Đức Bà Paris đối với Giáo hội tại Pháp và toàn thể quốc gia Pháp"". Tổng giám mục Paris dẫn đầu đoàn giáo sĩ đi qua quan khách vào cuối buổi lễ. Giáo hoàng Francis, người đứng đầu Giáo hội Công giáo, không tới dự sự kiện. Ông có lịch trình thăm đảo Corsica thuộc Pháp vào tuần này. Giáo hoàng đã gửi thông điệp tới buổi lễ, nhấn mạnh nơi đây sẽ sớm được ""đám đông khổng lồ từ mọi xuất thân, nguồn gốc, tôn giáo, ngôn ngữ, nền văn hóa tới thăm và chiêm ngưỡng một lần nữa. Nhiều người trong số họ đang tìm kiếm sự toàn vẹn và ý nghĩa trong cuộc sống"". Thông điệp kết thúc bằng việc Giáo hoàng Francis ban phước lành và cầu nguyện cho ""sự bảo vệ của Nhà thờ Đức Bà Paris đối với Giáo hội tại Pháp và toàn thể quốc gia Pháp"". Ông Trump và ông Macron trò chuyện với một thành viên của đoàn giáo sĩ vào cuối buổi lễ. Nhà thờ Đức Bà Paris phục hưng vào thời điểm khó khăn của nước Pháp. Ông Macron hy vọng việc mở cửa lại nhà thờ sẽ đem tới cảm giác tự hào, đoàn kết dân tộc, giống như Thế vận hội Paris hồi mùa hè đã đem lại. Ông Trump và ông Macron trò chuyện với một thành viên của đoàn giáo sĩ vào cuối buổi lễ. Nhà thờ Đức Bà Paris phục hưng vào thời điểm khó khăn của nước Pháp. Ông Macron hy vọng việc mở cửa lại nhà thờ sẽ đem tới cảm giác tự hào, đoàn kết dân tộc, giống như Thế vận hội Paris hồi mùa hè đã đem lại. Thông điệp ""cảm ơn"" được chiếu sáng trên nhà thờ. Thông điệp ""cảm ơn"" được chiếu sáng trên nhà thờ. Ảnh: AFP Ảnh: AFP"
Ông Trump nhún nhảy khi nhận giải 'Người yêu nước của năm',https://vnexpress.net/ong-trump-nhun-nhay-khi-nhan-giai-nguoi-yeu-nuoc-cua-nam-4825009.html,"Ông Trump cam kết giúp người Mỹ ""tự hào trở lại"" khi nhận giải ""Người yêu nước của năm"" từ Fox và nhún nhảy trên sân khấu theo bản nhạc Y.M.C.A.","Tổng thống đắc cử Mỹ Donald Trump được chọn là ""Người yêu nước của năm"" tại sự kiện Nation Patriot Awards lần thứ sáu do Fox Nation tổ chức ở Trung tâm Nghệ thuật Biểu diễn Tilles tại Brookville, New York ngày 5/12. Chính trị gia 78 tuổi nhận giải thưởng được thiết kế mang hình lá cờ Mỹ, sau phần trình diễn ca khúc God Bless the USA của Lee Greenwood, bài hát thường được dùng để chào đón ông trong những cuộc vận động tranh cử. Trong phát biểu nhận giải, ông Trump hồi tưởng về cuộc đua cam go vừa qua. ""Chúng ta đã có một cuộc bầu cử tuyệt vời"", ông nói, chia sẻ đã trải qua 72 ngày liên tiếp không nghỉ ngơi trong giai đoạn nước rút trước Ngày Bầu cử. Ông Donald Trump phát biểu và nhún nhảy tại lễ trao giải ở New York, ngày 5/12. Video: Fox Ông nhấn mạnh mục tiêu trọng tâm của nhiệm kỳ là đảo ngược chính sách ""biên giới mở"", chấm dứt tình trạng người nhập cư bất hợp pháp tràn lan trên đất Mỹ và ngăn chặn tội phạm từ các nước xâm nhập qua biên giới. Giữa tiếng vỗ tay vang dội, ông tuyên bố nước Mỹ ""đã chứng kiến nhiều thành quả trong hai tuần hơn cả bốn năm qua, và chúng ta thậm chí còn chưa chính thức bắt đầu"", dường như ám chỉ đến loạt quyết định bổ nhiệm thành viên nội các và các đề xuất chính sách mới được đưa ra gần đây. Phát biểu của ông Trump, kéo dài chưa đến 20 phút, lặp lại những thông điệp thường thấy trong các diễn văn vận động tranh cử của ông. Ông chỉ trích rằng cuộc bầu cử năm 2020 ""diễn ra không công bằng"" và tiếp tục cáo buộc đảng Dân chủ có âm mưu gian lận trong cuộc bầu cử tổng thống năm nay. Ông cũng nhắc lại cáo buộc các quốc gia khác đang đẩy người di cư bất hợp pháp đến Mỹ. Ông Trump nhận giải ""Người yêu nước của năm"". Ảnh: NY Post Ông Trump đề cập các cuộc trò chuyện với Thủ tướng Canada Justin Trudeau và Tổng thống Mexico Claudia Sheinbaum, sau khi ông đe dọa áp thuế 25% lên tất cả hàng hóa nhập khẩu từ hai đối tác thương mại hàng đầu của Mỹ, trừ khi họ nỗ lực hơn trong việc ngăn chặn tình trạng vượt biên trái phép và dòng chảy ma túy. Khoảng 2.000 người tham dự sự kiện đêm 5/12, nhiều người mang theo quốc kỳ Mỹ và những món đồ in khẩu hiệu MAGA của ông Trump. Sự kiện của Fox khép lại bằng lời hứa của ông Trump rằng nước Mỹ sẽ trở lại với vị thế được cả thế giới tôn trọng và người dân sẽ tự hào về đất nước. Tổng thống đắc cử Mỹ sau đó nhún nhảy trên sân khấu theo bản nhạc Y.M.C.A và vẫy tay tạm biệt chào mọi người. Thanh Danh (Theo Daily Beast, NY Post, AP)"
Đi hay ở - trăn trở của những chàng trai Ukraine sắp 18 tuổi,https://vnexpress.net/di-hay-o-tran-tro-cua-nhung-chang-trai-ukraine-sap-18-tuoi-4824496.html,"Một tháng trước khi tròn 18 tuổi, Roman Biletskyi quyết định rời nhà lên chuyến tàu về phía tây để ra khỏi Ukraine, tránh nhập ngũ.","""Tôi trì hoãn cho tới phút chót"", Biletskyi, chàng trai người Kiev nói từ ký túc xá đại học ở Slovakia, nơi cậu đến hồi tháng 2. ""Đó là chuyến đi một chiều"". Không phải nam thanh niên Ukraine nào cũng đưa ra quyết định tương tự. Andriy Kotyk nhập ngũ ngay khi tròn 18 tuổi, lúc cuộc chiến mới bắt đầu năm 2022. ""Tôi đã suy nghĩ thấu đáo mọi thứ và quyết định nhập ngũ"", Kotyk, mặc áo chống đạn và ôm súng trường, nói từ vị trí đóng quân ở vùng Kharkov, đông bắc Ukraine trong lúc đang chờ sửa xe sau khi thoát chết khỏi một cuộc tập kích UAV. ""Tôi phải chiến đấu để bảo vệ quê hương"", anh nói. ""Nhập ngũ còn hơn là chạy trốn"". Andriy Kotyk, 21 tuổi, binh sĩ Lữ đoàn Tác chiến số 13, gần chiến trường Kharkov ngày 8/11. Ảnh: Reuters Ukraine cấm đàn ông thành niên ra nước ngoài sau khi Nga phát động cuộc chiến vào tháng 2/2022. Những người mà Reuters phỏng vấn đều nói về tình thế tiến thoái lưỡng nan là ra đi hay ở lại khi sắp đến tuổi thành niên. Mặc dù đa số chọn ở lại, một số người như Biletskyi đã chọn ra nước ngoài để tránh viễn cảnh thương vong trên chiến trường. Cuộc chiến sắp kéo dài được ba năm, Nga đang chiếm ưu thế và Ukraine đang cố gắng cầm cự trong tình thế suy yếu. Theo dữ liệu của Liên minh châu Âu (EU), hơn 190.000 thiếu niên Ukraine trong độ tuổi 14-17 đã đăng ký tình trạng yêu cầu bảo vệ tạm thời ở các nước EU từ khi cuộc xung đột bắt đầu, cùng với hàng triệu người đã rời khỏi Ukraine. Ukraine đã hạ tuổi nhập ngũ từ 27 xuống 25 vào đầu năm, nhưng đồng minh vẫn liên tục gây sức ép tuyển thêm binh sĩ trẻ dù Kiev phản đối. Ngoại trưởng Mỹ Antony Blinken ngày 4/12 nhận định Ukraine rất khó đưa ra quyết định. ""Nhiều bên cho rằng tuyển thêm thanh niên nhập ngũ là cần thiết. Hiện tại, thanh niên trong độ tuổi 18-25 không phải đi chiến đấu"", ông nói. Cả Biletskyi lẫn Kotyk đều không hối tiếc về quyết định của mình. ""Tôi nghĩ mình sẽ hối hận nếu không ra đi"", Biletskyi nói, kể về tâm trạng phập phồng bất an khi sinh nhật 18 tuổi đến gần và người nhà đã lo lắng thế nào khi chuẩn bị hành lý đưa cậu rời đi. ""Đồng hồ điểm từng tích tắc"", Biletskyi nhớ lại. Cậu đang học ngành quản trị kinh doanh tại một trường đại học ở Bratislava, thủ đô Slovakia. ""Chúng tôi hành động theo lý trí. Ai cũng hiểu là tôi phải đi"". Kotyk tốt nghiệp trường âm nhạc trước khi cuộc chiến nổ ra. Chiến tranh khiến cậu cảm thấy có nghĩa vụ nhập ngũ cùng 4 người bạn. Kotyk đánh dấu tuổi thành niên trong lúc tham gia chiến dịch giành lại thành phố Kherson ở phía nam Ukraine cuối năm 2022. ""Hai trận đánh đầu vô cùng đáng sợ"", chàng lính bộ binh nay đã 21 tuổi, nói. ""Sau này tôi đã quen"". Kotyk thừa nhận cuộc chiến đã thay đổi bản thân sâu sắc. ""Tôi đã hết suy nghĩ trẻ con"", cậu nói, dù vẫn nuôi hy vọng quay lại với đam mê ca hát và lập gia đình trong tương lai. Kotyk hiểu tại sao nhiều người quyết định rời Ukraine và không muốn phán xét họ, dù việc họ ra đi tăng thêm gánh nặng cho những người lựa chọn ở lại chiến đấu. ""Ai cũng mệt mỏi, cần thay lính mới"", cậu nói. Một số quan chức cấp cao, trong đó có cựu ngoại trưởng Dmytro Kuleba, đã công khai chỉ trích đàn ông Ukraine trong độ tuổi nghĩa vụ quân sự đang sống ở nước ngoài khi những người khác chiến đấu và hy sinh vì tổ quốc. Nỗi tức giận này phản ánh cuộc tranh luận gay gắt trong xã hội Ukraine về việc rời khỏi đất nước thời chiến là đúng hay sai, đặt ra vấn đề thù ghét và chia rẽ khi cuộc chiến kết thúc và công dân từ nước ngoài trở về. Độ tuổi trung bình của binh lính Ukraine là 40, theo đại sứ Canada tại Ukraine Natalka Cmoc, dù Kiev không công khai dữ liệu này. Volodymyr Davydiuk, sĩ quan tuyển quân cho Lữ đoàn Tấn công số 3 ở Kiev, cho hay quân đội cần nhiều lính trẻ hơn, để mang tới động lực và sức bền cho cuộc chiến. ""Sự chênh lệch của một binh sĩ 40 tuổi với một binh sĩ 20 tuổi khi ra trận là rất lớn"", ông nói. Lữ đoàn Khartia của Kotyk đặt mục tiêu thu hút những nam thanh niên đang đứng trước ""ngã ba"" cuộc đời như tốt nghiệp cấp ba hay tốt nghiệp đại học. Danylo Velychko, người chiêu binh cho Khartia, cho hay nam thanh niên ít tuổi chiếm một phần nhỏ trong lữ đoàn, trong khi độ tuổi trung bình của người nộp đơn nhập ngũ là trên 32. Nhu cầu tuyển thêm người không giới hạn trong quân đội ở Ukraine, quốc gia có 41 triệu người sinh sống trước khi hàng chục nghìn người thiệt mạng trong chiến tranh. Nền kinh tế bị ảnh hưởng nghiêm trọng, các ngành nghề đều thiếu hụt lao động khi công dân ra tiền tuyến, tỷ lệ sinh giảm mạnh và người dân ra nước ngoài tránh xung đột. Có hơn 87.600 trẻ em chào đời ở Ukraine trong 6 tháng đầu năm 2024, giảm một phần ba so với con số 132.500 trẻ ra đời trong nửa đầu năm 2021. Trong khi đó, Liên Hợp Quốc cho hay gần 7 triệu người Ukraine ở đủ lứa tuổi đã rời khỏi đất nước từ khi cuộc chiến nổ ra. Gần 4,2 triệu người đăng ký ở lại EU tính đến cuối tháng 9. Roman Biletskyi, 18, tuổi, ngồi cạnh mẹ, Svitlana Biletska, 41 tuổi, ở Kosice, Slovakia, ngày 21/10. Ảnh: Reuters Kiev đang cố ngăn người dân rời đi và khuyến khích người ở nước ngoài quay về. Quốc hội Ukraine ngày 3/12 phê chuẩn bổ nhiệm phó thủ tướng đứng đầu một bộ mới phụ trách đoàn kết dân tộc, chịu trách nhiệm đưa công dân về nước. Việc này không dễ dàng, khi Nga đang chiếm ưu thế, hệ thống điện của Ukraine bị tên lửa phá hủy và sự bất định của viện trợ phương Tây trong tương lai sau khi ông Trump đắc cử tổng thống Mỹ. Biletskyi đã sống một mình ở Slovakia. Svitlana, mẹ của Biletskyi, hồi tháng 10, đến Slovakia thăm con. Bà rơm rớm khi nhớ về thời khắc vẫy tay tạm biệt con trai trên chuyến tàu rời sân ga Kiev hồi tháng 2. ""Tôi đã rất khó khăn để đưa ra quyết định này, nhưng tôi chắc chắn đây là quyết định đúng vì tương lai của con trai"", bà nói. Hồng Hạnh (Theo Reuters)"
Bà xơ bị bắt vì cáo buộc cấu kết với mafia,https://vnexpress.net/ba-xo-bi-bat-vi-cao-buoc-cau-ket-voi-mafia-4824787.html,ItalyNữ tu sĩ ở Milan bị cáo buộc lợi dụng vai trò tâm linh trong nhà tù để truyền lệnh của các ông trùm mafia cho đàn em bên ngoài.,"Anna Donelli, 57 tuổi, nữ tu sĩ Công giáo thuộc tu viện Sisters of Charity (Chị em từ thiện) ở Milan, nằm trong số 25 người bị bắt vào ngày 5/12 vì hàng loạt tội danh liên quan tới mafia như hỗ trợ và tiếp tay cho tội phạm tống tiền, buôn bán ma túy, nhận hàng ăn cắp, cho vay nặng lãi, tội phạm thuế và rửa tiền. Anna Donelli, người bị bắt vì liên quan đến tội phạm ma túy ngày 5/12. Ảnh: Famigliacristiana Bà được tù nhân gọi là Xơ Collina khi làm tình nguyện viên trong một số nhà tù xung quanh Brescia, thành phố ở Lombardy, phía bắc Italy. Cảnh sát chống mafia cáo buộc Xơ Collina là người trung gian lợi dụng vai trò ban phước và an ủi tù nhân để truyền tin và mệnh lệnh giữa các ông trùm trong tù với đàn em bên ngoài thuộc tổ chức mafia khét tiếng 'Ndrangheta ở Calabria, phía nam Italy. ""Bà ta truyền đạt mệnh lệnh, chỉ thị cho các thành viên mafia, đồng thời cũng hỗ trợ tinh thần và vật chất cho họ. Đổi lại, bà ta nhận được thông tin hữu ích từ các tù nhân, từ đó lập kế hoạch phạm tội hiệu quả hơn"", công tố viên Francesco Prete nói trong cuộc họp báo ngày 5/12. Tu viện Sisters of Charity chưa phản hồi yêu cầu bình luận. Trong chiến dịch bắt 25 người, khoảng 300 sĩ quan cảnh sát chống ma túy và chó nghiệp vụ đã đột kích một số địa điểm, tịch thu 1,8 triệu euro tiền mặt (1,9 triệu USD). Họ cũng thu giữ vũ khí và ma túy ở Bergamo, Verona và Treviso. Một bác sĩ là thành viên đảng Anh em Italy của Thủ tướng Giorgia Meloni bị bắt vì điều trị vết thương cho tội phạm mafia trốn tránh hệ thống y tế công. Hồng Hạnh (Theo CNN)"
Nhà Trắng trong Giáng sinh cuối nhiệm kỳ của ông Biden,https://vnexpress.net/nha-trang-trong-giang-sinh-cuoi-nhiem-ky-cua-ong-biden-4824765.html,"Đệ nhất phu nhân Jill trang hoàng Nhà Trắng theo chủ đề ""mùa bình an và ánh sáng màu nhiệm"" cho lễ Giáng sinh cuối cùng trong nhiệm kỳ của Tổng thống Biden.","Hàng cây thông gắn đèn nháy được bố trí ở mặt tiền Cánh Đông Nhà Trắng, phía trên là ngôi sao Giáng sinh, tượng trưng cho ánh sáng khi Chúa chào đời. Đệ nhất phu nhân Mỹ Jill Biden cho biết chủ đề trang trí cho Nhà Trắng năm nay là ""mùa bình an và ánh sáng màu nhiệm"". Đây là mùa Giáng sinh cuối cùng của vợ chồng Tổng thống Joe Biden tại Nhà Trắng. ""Được phục vụ với tư cách là Tổng thống và Đệ nhất phu nhân của các bạn là vinh dự trong đời vợ chồng tôi. Chúc các bạn Giáng sinh an lành, hy vọng nước Mỹ bình an dưới ánh sáng màu nhiệm"", bà Jill viết trong thư gửi người dân Mỹ. Hàng cây thông gắn đèn nháy được bố trí ở mặt tiền Cánh Đông Nhà Trắng, phía trên là ngôi sao Giáng sinh, tượng trưng cho ánh sáng khi Chúa chào đời. Đệ nhất phu nhân Mỹ Jill Biden cho biết chủ đề trang trí cho Nhà Trắng năm nay là ""mùa bình an và ánh sáng màu nhiệm"". Đây là mùa Giáng sinh cuối cùng của vợ chồng Tổng thống Joe Biden tại Nhà Trắng. ""Được phục vụ với tư cách là Tổng thống và Đệ nhất phu nhân của các bạn là vinh dự trong đời vợ chồng tôi. Chúc các bạn Giáng sinh an lành, hy vọng nước Mỹ bình an dưới ánh sáng màu nhiệm"", bà Jill viết trong thư gửi người dân Mỹ. Cây Sao vàng 6 tầng ở Nhà Trắng tượng trưng cho 6 quân chủng của quân đội Mỹ. Tên của những quân nhân tử trận, mất tích khi làm nhiệm vụ cho nước Mỹ được khắc lên các đồ trang trí của 4 cây thông xung quanh. Nhà Trắng đã huy động hơn 300 tình nguyện viên trên khắp cả nước làm việc trong một tuần để trang trí cả bên trong và bên ngoài Nhà Trắng. Tổng cộng có 83 cây thông được bố trí ở Nhà Trắng. Cây Sao vàng 6 tầng ở Nhà Trắng tượng trưng cho 6 quân chủng của quân đội Mỹ. Tên của những quân nhân tử trận, mất tích khi làm nhiệm vụ cho nước Mỹ được khắc lên các đồ trang trí của 4 cây thông xung quanh. Nhà Trắng đã huy động hơn 300 tình nguyện viên trên khắp cả nước làm việc trong một tuần để trang trí cả bên trong và bên ngoài Nhà Trắng. Tổng cộng có 83 cây thông được bố trí ở Nhà Trắng. Cảnh tượng tại Nhà Trắng trước Giáng sinh 2024. Video: KSDK Hành lang phía đông được trang trí với bộ sưu tập chuông đồng, tượng trưng cho âm thanh Giáng sinh an lành. Nhà Trắng dự kiến đón khoảng 100.000 khách tới tham quan trong mùa lễ năm nay. Hành lang phía đông được trang trí với bộ sưu tập chuông đồng, tượng trưng cho âm thanh Giáng sinh an lành. Nhà Trắng dự kiến đón khoảng 100.000 khách tới tham quan trong mùa lễ năm nay. Những cây thông Noel bằng gốm được trưng bày ở thư viện Nhà Trắng. Phòng này có từ năm 1935, lưu trữ khoảng 2.700 đầu sách, chủ yếu là sách lịch sử, văn học Mỹ. Là cựu giáo viên giàu thâm niên, Đệ nhất phu nhân Jill đã bổ sung nhiều sách thiếu nhi vào thư viện. Những cây thông Noel bằng gốm được trưng bày ở thư viện Nhà Trắng. Phòng này có từ năm 1935, lưu trữ khoảng 2.700 đầu sách, chủ yếu là sách lịch sử, văn học Mỹ. Là cựu giáo viên giàu thâm niên, Đệ nhất phu nhân Jill đã bổ sung nhiều sách thiếu nhi vào thư viện. Phòng Khánh tiết được trang hoàng bên trong Nhà Trắng. Phu nhân Jill đã mời gia đình của các thủy thủ trên hai chiến hạm USS Delaware và USS Gabrielle cung cấp ruy băng treo khắp phòng Khánh tiết. Thiệp trang trí trên những cây thông trong phòng do học sinh từ khắp nơi trên toàn quốc vẽ rồi gửi về. Phòng Khánh tiết được trang hoàng bên trong Nhà Trắng. Phu nhân Jill đã mời gia đình của các thủy thủ trên hai chiến hạm USS Delaware và USS Gabrielle cung cấp ruy băng treo khắp phòng Khánh tiết. Thiệp trang trí trên những cây thông trong phòng do học sinh từ khắp nơi trên toàn quốc vẽ rồi gửi về. Phòng Tiếp đón Ngoại giao, nơi đón các quan chức nước ngoài. Các tình nguyện viên đã treo tổng cộng 3 km ruy băng, hơn 31.000 đồ trang trí, cùng hơn 165.000 đèn neon, vòng hoa, vòng nguyệt quế. Phòng Tiếp đón Ngoại giao, nơi đón các quan chức nước ngoài. Các tình nguyện viên đã treo tổng cộng 3 km ruy băng, hơn 31.000 đồ trang trí, cùng hơn 165.000 đèn neon, vòng hoa, vòng nguyệt quế. Bóng đèn trang trí lung linh tại Phòng Đông (East Room). Đây là phòng lớn nhất Nhà Trắng, nơi Tổng thống tổ chức các buổi tiếp đón, lễ nghi, ký dự luật. Phòng có hoạt cảnh Giáng sinh với hơn 40 tượng từ thế kỷ 18. Bà Jill đã bố trí hai cây thông cỡ lớn tại cửa vào. Bóng đèn trang trí lung linh tại Phòng Đông (East Room). Đây là phòng lớn nhất Nhà Trắng, nơi Tổng thống tổ chức các buổi tiếp đón, lễ nghi, ký dự luật. Phòng có hoạt cảnh Giáng sinh với hơn 40 tượng từ thế kỷ 18. Bà Jill đã bố trí hai cây thông cỡ lớn tại cửa vào. Phòng Lục (Green Room) được trang trí bằng thủy tinh màu. Đây từng là phòng ăn của tổng thống Mỹ Thomas Jefferson. Phong cách trang trí của mỗi phòng đều tuân theo chủ đề ""mùa bình an và ánh sáng màu nhiệm"". Phòng Lục (Green Room) được trang trí bằng thủy tinh màu. Đây từng là phòng ăn của tổng thống Mỹ Thomas Jefferson. Phong cách trang trí của mỗi phòng đều tuân theo chủ đề ""mùa bình an và ánh sáng màu nhiệm"". Phòng Lam (Blue Room) hình bầu dục là nơi đặt cây Giáng sinh chính thức của Nhà Trắng. Cây Giáng sinh năm nay là cây linh sam fraser cao 5,6 mét được chuyển đến từ Bắc Carolina, được trang trí cách điệu giống vòng đu quay thiếu nhi với ánh sáng sặc sỡ, treo nhiều loại kẹo ngọt. Phòng Lam (Blue Room) hình bầu dục là nơi đặt cây Giáng sinh chính thức của Nhà Trắng. Cây Giáng sinh năm nay là cây linh sam fraser cao 5,6 mét được chuyển đến từ Bắc Carolina, được trang trí cách điệu giống vòng đu quay thiếu nhi với ánh sáng sặc sỡ, treo nhiều loại kẹo ngọt. Phòng Sứ (China Room) là nơi trưng bày đồ dùng nhà ăn của các đời tổng thống Mỹ trước đây. Bà Jill đã dùng tạo hình bánh mì để trang trí cho chủ đề của căn phòng, gợi nhớ sự yên bình, kiên nhẫn và tận tâm trong quá trình làm bánh. Phòng Sứ (China Room) là nơi trưng bày đồ dùng nhà ăn của các đời tổng thống Mỹ trước đây. Bà Jill đã dùng tạo hình bánh mì để trang trí cho chủ đề của căn phòng, gợi nhớ sự yên bình, kiên nhẫn và tận tâm trong quá trình làm bánh. Chiếc bánh gừng được tạo thành hình Nhà Trắng. Một ngôi sao sáng rực chiếu sáng phía trên. Xung quanh là cây thông và hình người chơi trượt băng. Nhà Trắng có truyền thống trưng bày nhà bánh gừng trong dịp Giáng sinh từ hàng thập kỷ trước. Các đầu bếp của Nhà Trắng sẽ làm nhà bánh gừng theo chủ đề Giáng sinh của từng năm. Chiếc bánh gừng được tạo thành hình Nhà Trắng. Một ngôi sao sáng rực chiếu sáng phía trên. Xung quanh là cây thông và hình người chơi trượt băng. Nhà Trắng có truyền thống trưng bày nhà bánh gừng trong dịp Giáng sinh từ hàng thập kỷ trước. Các đầu bếp của Nhà Trắng sẽ làm nhà bánh gừng theo chủ đề Giáng sinh của từng năm. Ảnh: Nhà Trắng Ảnh: Nhà Trắng"
Thảm cảnh của những cô gái bán thân trong rừng già Amazon,https://vnexpress.net/tham-canh-cua-nhung-co-gai-ban-than-trong-rung-gia-amazon-4824572.html,"Con đường bán thân cho thợ đào vàng ở Amazon của Leite bắt đầu từ năm 17 tuổi, khi cô không thể chi trả tiền tang lễ cho người chồng qua đời vì đau tim.","Sinh sống ở Itaituba, đô thị gần trung tâm khai thác vàng trái phép ở phía bắc Brazil, Dayane Leite được một người bạn gợi ý cách kiếm tiền từ những thợ đào vàng sâu trong rừng Amazon. ""Đến các mỏ vàng này là một canh bạc. Phụ nữ bán dâm ở đó thường bị làm nhục, đánh đập, chửi bới. Các thợ đào vàng muốn 'sở hữu' người phụ nữ mình đã trả tiền"", Leite nói. Cô sau đó kiếm đủ tiền làm đám tang cho chồng, rồi sinh con ở tuổi 18. Trong những năm sau đó, Leite cũng giống nhiều phụ nữ ở Itaituba, thỉnh thoảng quay lại các mỏ vàng làm chân nấu ăn, giặt giũ hoặc bán dâm cho thợ đào vàng. 16 năm sau, ở tuổi 33, cô đang phải chăm lo cho một gia đình 7 người. Dayane Leite trả lời truyền thông ở Itaituba. Ảnh: BBC ""Tôi tin rằng không ít phụ nữ ở Itaituba làm công việc này, nên thấy khá bình thường. Chúng tôi không thực sự quan tâm cho lắm"", Natalia Cavalcante, sống ở ngoại ô Itaituba, người bán dâm cho thợ đào vàng từ năm 24 tuổi, nói. Ở Brazil, hoạt động mua bán dâm không bị pháp luật cấm. Sau 4 năm hành nghề, Cavalcante kết hôn với chủ quán rượu ở một ngôi làng trong rừng Amazon, rồi trở thành tú bà cho nhà thổ trá hình trong quán này. Cuộc sống ở các làng đào vàng trong rừng Amazon rất khắc nghiệt, hầu hết chỉ có một con đường đất, quán rượu và nhà thờ. Những người thợ đào vàng còn sống ở sâu hơn nữa, trong những lán gỗ, vải bạt, xung quanh là rắn và báo đốm. Phụ nữ làm chân nấu ăn sẽ phải sống trong các trại này cùng những người đàn ông. Những người thợ sẽ tìm đến làng để ""giải sầu"" mỗi khi tìm thấy vàng và có tiền tiêu xài. Luật pháp Brazil cấm kinh doanh nhà thổ, nhưng Cavalcante nói cô không nhận hoa hồng, chỉ thuê nhân viên pha chế và cho thuê phòng. Những phụ nữ trẻ muốn kiếm tiền sẽ liên hệ với cô. Cavalcante đôi khi cho họ vay tiền để di chuyển từ Itaituba đến làng đào vàng. Natalia Cavalcante trả lời phỏng vấn truyền thông ở Itaituba. Ảnh: BBC Khi được hỏi liệu có chút băn khoăn nào khi tạo điều kiện cho phụ nữ vào con đường này hay không, Cavalcante đáp: ""Tôi đã trải qua điều đó và biết nó không dễ chịu, nhưng rồi tôi nghĩ nhiều cô gái có gia đình, đôi khi phải nuôi con, nên cũng chấp thuận giúp"". Tuy nhiên, nguy cơ với những phụ nữ dấn thân vào các mỏ vàng này là vô cùng lớn. Nhiều phụ nữ đã bị sát hại, bị đánh đập, bóc lột tình dục. Tình trạng buôn bán người ở các khu vực này gần như không được trình báo cho giới chức, theo một báo cáo của Liên Hợp Quốc. Vàng khai thác trái phép từ các mỏ này sẽ được ""rửa"" thành vàng hợp pháp của một hợp tác xã, rồi xuất khẩu để làm trang sức, linh kiện điện tử. Ba nhà nhập khẩu vàng lớn nhất của Brazil là Canada, Thụy Sĩ và Anh. Theo tổ chức nghiên cứu, phát triển bền vững Instituto Escolhas của Brazil, hơn 90% lượng vàng xuất khẩu sang châu Âu của nước này đến từ các mỏ trái phép. Một khu lán trại của thợ đào vàng bất hợp pháp trong rừng Amazon, lân cận Itaituba. Ảnh: BBC Diện tích các mỏ vàng bất hợp pháp ở Brazil tăng gần gấp đôi trong 10 năm qua, lên 220.000 ha tính đến 2023, lớn hơn cả diện tích vùng thủ đô London của Anh. Chính phủ Brazil ước tính có khoảng 80.000 - 800.000 thợ đào trái phép trong các khu mỏ này, nhưng chưa có thống kê về số phụ nữ bán dâm ở đây. Tổng thống Brazil Luiz Inacio Lula da Silva đã nỗ lực đóng cửa các mỏ vàng trái phép, ngăn các đại lý tiêu thụ vàng từ các mỏ này, nhưng giá vàng cao khiến nhiều người tiếp tục thử vận may trong rừng Amazon. Chứng kiến thảm cảnh của nhiều cô gái bán dâm trong rừng, Cavalcante gần đây bỏ việc làm tú bà trong quán rượu để vào thành phố chăm sóc các cháu gái. Mục tiêu của cô là học hành, trở thành luật sư hoặc kiến trúc sư. ""Tôi không phải người duy nhất hoàn lương như vậy, một số phụ nữ còn tự lập doanh nghiệp để làm lại cuộc đời"", Cavalcante nói. Sau hơn một thập kỷ bán thân, Leite đang lên kế hoạch kiếm đủ tiền để mở quán ăn. ""Tôi sẽ tiếp tục đến khi không thể làm được nữa, bởi tôi nghĩ sẽ có ngày các con công nhận nỗi vất vả của mình"", Leite nói. Đức Trung (Theo BBC, AFP, CNN)"
Người đàn ông vật gấu trắng Bắc Cực để cứu vợ,https://vnexpress.net/nguoi-dan-ong-vat-gau-trang-bac-cuc-de-cuu-vo-4824500.html,"CanadaNgười đàn ông ở Ontario nhảy lên gấu Bắc Cực để bảo vệ vợ, trong vụ tấn công hiếm thấy của loài vật này nhắm vào con người.","Sáng sớm 3/12, một cặp vợ chồng sống ở thị trấn Fort Severn First Nation, tỉnh Ontario, Canada ra khỏi nhà để tìm chó cưng, thì bất ngờ chạm trán một con gấu trắng Bắc Cực ở đường ngoài hiên. Con gấu lao về phía người vợ, khiến cô trượt ngã, trong khi chồng nhảy lên người con vật để ghìm nó lại, cảnh sát khu vực thông báo trong một bản tin. Người chồng bị thương nghiêm trọng ở tay và chân khi cố gắng chống trả con gấu. Nghe thấy tiếng vật lộn, hàng xóm của hai vợ chồng cầm súng chạy đến và bắn con gấu nhiều phát. Cảnh sát đến hiện trường tìm hiểu sau khi có người báo cáo về tiếng súng, họ phát hiện con vật chết trong khu rừng lân cận. Gấu Bắc Cực trên đảo Axel Heiberg, Canada, hồi tháng 8. Ảnh: AFP Vết thương của người chồng nghiêm trọng nhưng không nguy hiểm đến tính mạng. Anh dự kiến sớm phục hồi hoàn toàn. Gấu trắng Bắc Cực là loài gấu lớn nhất, cũng là loài ăn thịt lớn nhất trên đất liền. Gấu đực trưởng thành có thể nặng hơn 800 kg, trong khi con cái có kích thước bằng khoảng 1/2 con đực. Ước tính có khoảng 17.000 con gấu Bắc Cực sống ở Canada, tương đương 2/3 tổng cá thể trên toàn thế giới, nhưng nước này hiếm khi ghi nhận gấu tấn công người. Các chuyên gia cảnh báo tình trạng băng tan những năm tới sẽ làm tăng tương tác giữa gấu Bắc Cực và con người, đặc biệt là những nơi thường xuyên phát hiện gấu như Fort Severn First Nation. Lớp băng ở khu vực dày hơn so với dự kiến từ mùa hè, nhưng chưa đủ thuận lợi cho đợt tìm thức ăn quan trọng trong mùa đông của những con gấu sống ở đây. Một số cá thể đang lang thang trên đất liền tìm thức ăn, đốt khoảng 1 kg mỡ dự trữ mỗi ngày. ""Khi kho mỡ dự trữ cạn kiệt, hành vi của chúng sẽ trở nên khó lường, không còn thận trọng với con người"", Andrew Derocher, giáo sư sinh học tại Đại học Alberta, nói. Con đực trưởng thành đói ăn có khả năng tấn công người cao. Đức Trung (Theo Guardian, NBC News, CBC)"
Những người di cư từ bỏ ý định vượt biên vào Mỹ,https://vnexpress.net/nhung-nguoi-di-cu-tu-bo-y-dinh-vuot-bien-vao-my-4824290.html,"Lo ngại ông Trump mạnh tay trấn áp nhập cư và vấn nạn bạo lực ở Mexico, nhiều người từ bỏ ý định vượt biên vào Mỹ, quay về quê hương.","Mỗi ngày, Nidia Montenegro, người di cư 52 tuổi đến từ Venezuela, đều dành nhiều giờ để kiểm tra điện thoại, hy vọng nhận được lịch hẹn xin tị nạn với biên phòng Mỹ. Sau khi tới biên giới phía bắc Mexico, bà đã đặt lịch hẹn qua ứng dụng CBP One để có thể được vào Mỹ trong thời gian chờ xem xét đơn xin tị nạn. Nhưng do số lượng người đăng ký quá đông, Montenegro lo sợ sẽ không kịp phỏng vấn với quan chức nhập cư Mỹ trước khi ông Donald Trump nhậm chức ngày 20/1/2025. Ông Trump đã tuyên bố sẽ tiến hành đợt trục xuất người di cư bất hợp pháp lớn chưa từng có, cũng như bãi bỏ các chương trình xin tị nạn, gồm cả ứng dụng CBP One mà bà Montenegro đang dùng để đặt lịch hẹn. Nếu ông Trump thực sự triển khai kế hoạch trấn áp nhập cư quy mô lớn, hàng nghìn người di cư như Montenegro sẽ phải đứng trước lựa chọn khó khăn: vượt biên trái phép vào Mỹ, ở lại Mexico hoặc trở về quê nhà. Montenegro cho biết nếu không kịp đặt lịch hẹn trước ngày ông Trump nhậm chức, bà sẽ quay về Venezuela, bởi nỗi sợ hãi về tình trạng bạo lực ở Mexico lớn hơn những khó khăn mà bà phải đối mặt ở quê nhà. ""Tôi rất buồn. Nếu cứ bám trụ ở đây, chúng tôi sẽ phải thường xuyên đối mặt nguy cơ bị băng đảng bắt cóc"", bà nói, dù thừa nhận rằng bản thân cũng chưa có tiền để trang trải hành trình trở về. Người di cư chờ đợi cơ hội đến Mỹ tại bang Veracruz, Mexico ngày 28/11. Ảnh: Reuters Hơn chục người di cư ở Mexico được Reuters phỏng vấn nói rằng họ sẽ trở về quê hương bất chấp những vấn đề từng khiến họ phải ra đi như nghèo đói, thiếu việc làm, an ninh kém và khủng hoảng chính trị. Dù con số này không thể đại diện cho xu thế chung của những người di cư sau khi ông Trump đắc cử, nó nhấn mạnh những lựa chọn khó khăn mà người di cư phải đối mặt sau ngày 20/1/2025. Vấn nạn bạo lực ở Mexico ảnh hưởng rất nhiều tới quyết định của họ. Montenegro cho biết bà từng bị bắt cóc cùng với hai cháu trai và hàng chục người khác vào ngày đầu tiên từ Guatemala tới miền nam Mexico cách đây hai tháng. Hai ngày sau, cả nhóm may mắn trốn thoát. Bây giờ, bà sống trong khu lều trại ở bang Chiapas, miền nam Mexico và lo sợ bị các băng đảng tội phạm trong vùng bắt cóc lần nữa. Tội phạm có tổ chức đã thiết lập mạng lưới buôn người lớn trên khắp Mexico, khiến hành trình di cư tới biên giới Mỹ của nhiều người trở nên đầy rủi ro. Khoảng 30.000 người bị sát hại mỗi năm và hơn 100.000 người mất tích ở Mexico, quốc gia bị ảnh hưởng nặng nề bởi vấn nạn bạo lực băng đảng. Nhiều người di cư đã bị tống tiền, đánh đập, hãm hiếp, bị ép phạm tội hoặc thậm chí bị giết. Chính phủ Mexico đã nỗ lực giảm số lượng người di cư tới biên giới Mỹ bằng cách đưa những người không phải công dân nước này trở lại miền nam, khiến họ đối mặt thêm rủi ro. Tổ chức Di cư Quốc tế nói rằng trong 7 năm qua, họ đã hỗ trợ hàng nghìn người di cư, đặc biệt là người Trung Mỹ, tự nguyện hồi hương. Tuy nhiên, tổ chức này từ chối cung cấp thêm thông tin. ""Tôi đã khóc mỗi ngày và cầu xin Chúa đưa tôi trở về. Tôi không muốn ở đây nữa. Mọi thứ thật khủng khiếp"", Yuleidi Moreno, người di cư từ Venezuela, nói. Moreno sợ ở lại Mexico, cho biết cô từng là nạn nhân của bạo lực, nhưng từ chối tiết lộ thêm. Một quan chức Venezuela am hiểu về vấn đề nhập cư cho biết mỗi tuần có khoảng 50-100 công dân nước này yêu cầu được hỗ trợ trở về quê hương hoặc tự trang trải chi phí trở về. ""Có rất nhiều vấn đề nghiêm trọng như bị bắt cóc, bóc lột tình dục, khiến một số người di cư mong muốn được trở về ngay lập tức"", người này nói. Người di cư chuyển trẻ em qua khe hở bên dưới hàng rào thép gai ngăn cách Mỹ và Mexico tháng 9/2023. Ảnh: AP Bất chấp những rủi ro đó, nhiều người khác vẫn tiếp tục hành trình di cư, trả tiền cho các băng nhóm buôn người để vượt biên trái phép vào Mỹ hoặc hy vọng đặt được lịch hẹn xin tị nạn với lực lượng biên phòng. ""Tôi tin rằng tôi sẽ vào được Mỹ trước khi ông Trump nhậm chức. Ngoài chờ lịch hẹn, luôn có những cách khác"", Johana, người di cư Venezuela dự định vượt biên từ Guatemala tới Mexico tuần này, nói. Ông Trump ngày 18/11 chia sẻ lại trên mạng xã hội Truth Social bài đăng của một nhà hoạt động bảo thủ, trong đó nói rằng ông ""chuẩn bị ban bố tình trạng khẩn cấp quốc gia và sẽ sử dụng quân đội"" để thực hiện kế hoạch trục xuất quy mô lớn, cùng với bình luận ""đúng"" thể hiện sự đồng tình. Trong suốt chiến dịch tranh cử, ông cũng nhiều lần chỉ trích người nhập cư không giấy tờ, cáo buộc họ làm ""vấy bẩn"" dòng máu Mỹ. Thùy Lâm (Theo Reuters, AFP)"
Tỷ phú Amazon ngỏ lời góp sức cho ông Trump,https://vnexpress.net/ty-phu-amazon-ngo-loi-gop-suc-cho-ong-trump-4824416.html,"Jeff Bezos, nhà sáng lập Amazon, tuyên bố lạc quan về nhiệm kỳ thứ hai của ông Trump và sẵn sàng góp sức cải cách quản lý.","""Lần này tôi cảm thấy rất lạc quan. Ông ấy thể hiện nhiều nhiệt huyết với định hướng tinh giản các quy định quản lý. Nếu tôi có thể góp sức trong lĩnh vực này, tôi sẵn sàng hỗ trợ ông ấy"", Jeff Bezos chia sẻ kỳ vọng về nhiệm kỳ tổng thống thứ hai của ông Donald Trump, tại sự kiện DealBook Summit ở New York ngày 4/12. Doanh nhân 60 tuổi, xếp thứ hai trên bảng xếp hạng tỷ phú toàn cầu của Forbes với tổng tài sản gần 230 tỷ USD, thừa nhận nước Mỹ đang tồn tại quá nhiều quy định quản lý chồng chéo và cải cách sẽ là bước đi tích cực. Ông cũng cho rằng Tổng thống đắc cử Trump giờ đây ""bình tĩnh, tự tin và quen việc"" hơn 4 năm đầu tiên ở Nhà Trắng. ""Đã 8 năm trôi qua, ai cũng chín chắn hơn. Ông ấy cũng vậy"", Bezos nói. Tỷ phú Jeff Bezos, nhà sáng lập Amazon, dự sự kiện Dealbook Summit của New York Times ngày 4/12 tại New York. Ảnh: AFP Jeff Bezos là chủ của tờ báo Washington Post từ năm 2013. Hồi tháng 10, ông hứng chịu nhiều chỉ trích vì Washington Post lần đầu tiên không công khai ủng hộ bất kỳ ứng viên tổng thống nào, chỉ vài tuần trước ngày bỏ phiếu toàn quốc. Các nguồn thạo tin nói rằng ban biên tập Washington Post đã soạn sẵn bài thông báo ủng hộ bà Harris nhưng Bezos đã ngăn cản. Bezos khi đó viết trong một bài xã luận trên tờ này rằng tuyên bố ủng hộ của ban biên tập sẽ khiến nhiều người cảm thấy có sự thiên vị, vào thời điểm nhiều người Mỹ không tin vào truyền thông. ""Tôi tự hào về quyết định mà chúng tôi đã đưa ra, nó không hề hèn nhát chút nào"", ông Bezos nói tại sự kiện ngày 4/12. Tỷ phú phản bác quan điểm cho rằng ông đang cúi mình trước ông Trump, nhấn mạnh ""tờ Washington Post đưa tin về tất cả tổng thống một cách quyết liệt và sẽ tiếp tục làm vậy"". Bezos đã gửi các thông điệp khá hòa nhã với ông Trump trong mùa bầu cử vừa qua. Ông hai lần nhắc đến ông Trump trên tài khoản X, gồm thông điệp chúc mừng ngay sau chiến thắng và lời ca ngợi ông Trump ""bản lĩnh"" vào tháng 7, sau vụ ám sát hụt ở Pennsylvania. Vào năm 2016, khi ông Trump lần đầu đắc cử tổng thống, ông chủ Amazon cũng đưa ra nhiều thông điệp ca ngợi. Tỷ phú đến gặp ông Trump tại Trump Tower ở New York, sau đó chia sẻ với truyền thông về ""cuộc họp năng suất"" và ""tầm nhìn đưa nghiên cứu sáng tạo trở thành trụ cột của chính phủ"". Tuy nhiên, mối quan hệ giữa ông Trump và Bezos cũng từng có nhiều sóng gió. Trước cuộc bầu cử năm 2016, Bezos từng công kích cá nhân ông Trump, cho rằng tỷ phú New York ""làm xói mòn nền dân chủ"" Mỹ. Ông Trump đáp trả với cáo buộc Bezos sử dụng tờ Washington Post như ""công cụ trốn thuế"". Trong nhiệm kỳ đầu tiên, ông Trump cũng nhiều lần công kích Bezos và những công ty của ông, trong đó có Amazon và Washington Post, cáo buộc tờ báo đưa ""tin giả"" nhằm hạ uy tín chính phủ. Năm 2019, Amazon khiếu nại với tòa rằng ông Trump đối xử không công bằng với tập đoàn, liên tục chỉ trích dẫn đến định kiến, khiến họ hụt mất hợp đồng trị giá 10 tỷ USD với Bộ Quốc phòng. Thanh Danh (Theo CNN, AP, CNBC)"
Ông Trump giới thiệu cậu út Barron với trùm UFC,https://vnexpress.net/ong-trump-gioi-thieu-cau-ut-barron-voi-trum-ufc-4824275.html,Ông Trump giới thiệu con trai út Barron với trùm UFC Dana White và trêu rằng liệu có thể rèn cậu thành võ sĩ MMA hay không.,"Truyền thông Mỹ ngày 4/12 đăng video ghi lại cuộc trò chuyện giữa ông Donald Trump, con trai út Barron và một số người ủng hộ thân cận, trong đó có Dana White, chủ tịch Ultimate Fighting Championship (UFC), công ty giải trí võ tổng hợp (MMA), vào đêm bầu cử tháng trước. ""Xin chào cô. Cô thế nào? Rất vui được gặp cô"", Barron bắt tay với một nữ doanh nhân, trước khi được bố giới thiệu với ông White. Ông Trump kể với trùm UFC rằng con trai út 18 tuổi, người hiếm khi xuất hiện trong các sự kiện tranh cử của bố, rất được lòng người ủng hộ của ông. ""Tên của Barron được hét to tối qua. Mọi người cứ như phát cuồng, liên tục hô: Barron, Barron"", ông Trump nói. Ông Trump giới thiệu con trai út Barron với trùm UFC Dana White. Video: X/AF Post Barron sau đó bắt tay và chào hỏi với trùm UFC, trong khi ông Trump khá ngỡ ngàng vì đây là lần đầu hai người họ gặp mặt. Ông Trump còn hỏi ông White liệu có thể rèn Barron trở thành võ sĩ hay không. Câu nói khiến mọi người xung quanh bật cười, còn Barron lắc đầu cười ngại. Video dài 17 giây nhanh chóng lan truyền trên mạng xã hội, thu hút hơn 500.000 lượt xem, trong đó nhiều người hào hứng vì lần đầu được nghe giọng Barron. ""Lần đầu được nghe Barron nói"", một tài khoản bình luận. ""Cậu ấy có cách nói nhấn nhá như bố!"", một người dùng mạng xã hội nhận xét. Nhiều người cũng khen ngợi Barron ""lịch thiệp như một quý ông"". Barron Trump trong lễ tốt nghiệp ở Florida hôm 17/5. Ảnh: Reuters Barron Trump, 18 tuổi, hiện là sinh viên năm nhất tại Đại học New York. Cậu không thường xuyên xuất hiện cạnh ông Trump, nhưng cựu tổng thống tiết lộ con út đã đóng vai trò là cố vấn truyền thông không chính thức trong chiến dịch tranh cử, giúp ông kết nối với các cử tri Gen Z đủ tuổi bầu cử. Barron đã giúp bố chọn xuất hiện trên các chương trình podcast nào để thu hút thế hệ trẻ nhiều hơn. Ông Trump cũng cho biết con trai là người đã khuyên ông ""bình tĩnh"" trong quá trình tranh cử. Ngọc Ánh (Theo NY Post, Yahoo News)"
Tokyo đề xuất công chức làm việc 4 ngày một tuần,https://vnexpress.net/tokyo-de-xuat-cong-chuc-lam-viec-4-ngay-mot-tuan-4824135.html,"Giới chức Tokyo đề xuất cơ chế mới cho phép công chức thủ đô đi làm 4 ngày một tuần, giúp công chức cân bằng công việc - cuộc sống.","""Chúng tôi tiếp tục xem xét và sửa đổi văn hóa làm việc một cách linh hoạt, để không ai phải từ bỏ sự nghiệp để lo cho những dấu mốc trong cuộc sống, như sinh con, chăm sóc con"", Thống đốc Tokyo Yuriko Koike ngày 3/12 công bố cơ chế mới tại phiên họp thường kỳ của Hội đồng Đô thị Tokyo năm 2024. Nếu được Hội đồng thông qua, cơ chế mới sẽ bắt đầu từ tháng 4/2025, cho phép nhân viên chính quyền thủ đô Nhật Bản nghỉ ba ngày mỗi tuần nhưng vẫn phải hoàn thành tối thiếu 155 giờ làm việc mỗi tháng. Nhiều người được phép bắt đầu/kết thúc ca làm linh hoạt. Ngày làm việc của những công chức phải nuôi con nhỏ sẽ được rút ngắn hai giờ. Nhân viên công sở đi bộ trong giờ nghỉ trưa ở ga Shinagawa, Tokyo, tháng 5. Ảnh: AFP Lịch làm việc 4 ngày một tuần đang được nhiều nước thử nghiệm, nhưng là điều rất hiếm ở Nhật Bản, quốc gia nổi tiếng với văn hóa làm việc khắc nghiệt. Cơ chế này đang dần được các địa phương Nhật Bản ủng hộ nhiều hơn, nhằm tăng cường hỗ trợ các bậc cha mẹ trong bối cảnh quốc gia nỗ lực cải thiện tỷ lệ sinh. Theo AFP, một trong những yếu tố chính dẫn đến tình trạng thiếu trẻ em ở Nhật Bản là văn hóa kỳ vọng phụ nữ đi làm vẫn phải gánh vác việc nhà. Thủ tướng Shigeru Ishiba gọi tỷ lệ sinh thấp của quốc gia là ""tình trạng khẩn cấp thầm lặng"", cam kết thúc đẩy các chính sách cho phép lao động làm việc linh hoạt. Đức Trung (Theo Mainichi, Asahi, AFP)"
Nữ chính trị gia Hàn Quốc gây sốt vì giằng súng của lính thiết quân luật,https://vnexpress.net/nu-chinh-tri-gia-han-quoc-gay-sot-vi-giang-sung-cua-linh-thiet-quan-luat-4823815.html,"Nữ chính trị gia Ahn Gwi-ryeong gây sốt trên mạng xã hội Hàn Quốc, được khen là ""dũng cảm"" khi giằng súng của binh sĩ thực thi lệnh thiết quân luật.","Video đăng trên mạng xã hội đêm 3/12 cho thấy một phụ nữ đối đầu với binh sĩ ở trước tòa nhà quốc hội Hàn Quốc, sau khi Tổng thống Yoon Suk-yeol ban bố lệnh thiết quân luật và lực lượng vũ trang được triển khai để tiến vào nơi các nghị sĩ đang nhóm họp. ""Các người không thấy xấu hổ ư"", người phụ nữ hét lớn trong lúc giằng súng và yêu cầu binh sĩ ""thả tay ra"". Một quân nhân khác gỡ tay người phụ nữ khỏi khẩu súng, những người xung quanh cũng kéo cô về phía sau. Video ghi lại sự việc đã thu hút hàng chục triệu lượt xem trên mạng xã hội. Ahn Gwi-ryeong giằng súng của binh sĩ trong đêm thiết quân luật. Video: X/@youlu_v0v Người phụ nữ sau đó được xác định là Ahn Gwi-ryeong, 35 tuổi, phát ngôn viên đảng Dân chủ đối lập tại quận Dobong ở thủ đô Seoul và từng làm phát thanh viên trước khi tham gia chính trường năm 2022. Nghị sĩ Ahn nói rằng bà ""rất lo sợ cho tính mạng bản thân, nhưng không còn lựa chọn nào khác ngoài ngăn binh sĩ tiến vào bên trong nghị trường"", bởi đó là lúc dự thảo nghị quyết chặn lệnh thiết quân luật đang được đệ trình để bỏ phiếu. Hàn Quốc lâm vào cuộc khủng hoảng chính trị nghiêm trọng sau khi Tổng thống Yoon Suk-yeol bất ngờ ban bố thiết quân luật trên truyền hình vào đêm 3/12. Động thái của ông gây sốc ngay cả với các đồng minh trong đảng Quyền lực Nhân dân cầm quyền, bị quốc hội chỉ trích gay gắt và châm ngòi cho các cuộc biểu tình trên đường phố Seoul ngay trong đêm. Các nghị sĩ Hàn Quốc vội vã tập trung tại tòa nhà quốc hội để tổ chức phiên họp và bỏ phiếu theo lời kêu gọi từ Chủ tịch Quốc hội Woo Won-shik nhằm đảo ngược lệnh thiết quân luật của Tổng thống Yoon. Quân đội Hàn Quốc đã triển khai lực lượng đến đây để thực hiện quy định ""cấm mọi hoạt động chính trị"", ngăn cản các nghị sĩ hội họp, dẫn đến cuộc đối đầu căng thẳng giữa hai bên. Đến sáng 4/12, Tổng thống Yoon thông báo chấp nhận gỡ thiết quân luật sau khi quốc hội họp khẩn và thông qua nghị quyết yêu cầu ông làm điều này. Lần gần đây nhất lệnh thiết quân luật được ban bố ở Hàn Quốc là năm 1979, khi tổng thống Park Chung-hee bị ám sát trong một cuộc đảo chính. Tổng thống Yoon chỉ giải thích khá chung chung về quyết định thiết quân luật của mình, thậm chí còn nêu ra cả ""mối đe dọa từ Triều Tiên"" mà không đưa ra được bằng chứng cụ thể nào. Theo giới quan sát, những lý do lớn mà ông Yoon đưa ra dường như chỉ nhằm che đi thực tế rằng Tổng thống Hàn Quốc ban bố thiết quân luật để giải tỏa sức ép chính trị ngày càng lớn nhắm vào mình. Nữ chính trị gia Ahn Gwi-ryeong. Ảnh: YTN Toàn bộ trợ lý cấp cao của Tổng thống Yoon Suk-yeol, trong đó có Chánh văn phòng Chung Jin-suk, Cố vấn An ninh Quốc gia Shin Won-sik, đã xin từ chức. Các đảng đối lập Hàn Quốc chiều 4/12 nộp đơn đề xuất luận tội Tổng thống Yoon, quá trình bỏ phiếu có thể diễn ra trong tuần này. Phe đối lập đang nắm thế đa số trong 300 ghế tại quốc hội, chỉ cần sự ủng hộ từ số ít nghị sĩ đảng Quyền lực Nhân dân để hội đủ 2/3 số phiếu cần thiết nhằm thông qua đề xuất luận tội. Ngọc Ánh (Theo Yahoo News, Straits Times)"
Giây phút lính Hàn Quốc cúi đầu xin lỗi khi rút khỏi quốc hội,https://vnexpress.net/giay-phut-linh-han-quoc-cui-dau-xin-loi-khi-rut-khoi-quoc-hoi-4823657.html,"Một người lính liên tục cúi đầu xin lỗi trong lúc rút lui khỏi tòa quốc hội vào rạng sáng nay, sau khi cơ quan lập pháp thông qua nghị quyết dỡ bỏ lệnh thiết quân luật.","Phóng viên điều tra Heo Jae-hyeon ở Seoul sáng nay đăng video tình hình xung quanh tòa quốc hội trong thời gian ngắn thiết quân luật đêm qua. Sau khi quốc hội họp khẩn, thông qua nghị quyết yêu cầu dỡ thiết quân luật lúc 1h ngày 4/2, binh sĩ Hàn Quốc rút khỏi tòa quốc hội trong tiếng reo hò vui mừng của người biểu tình bên ngoài. Khi rút quân, một người lính đã dừng lại, cúi đầu 8 lần, liên tục nói ""xin lỗi"" với Heo Jae-hyeon đang ghi hình. Lính Hàn cúi đầu xin lỗi khi rút khỏi quốc hội. Video: Hankyung ""Cảm ơn cậu, tôi cảm nhận được chân thành từ cậu. Hành động của cậu cho thấy cậu cũng không đồng tình với quyết định của Tổng thống. Hãy giữ gìn sức khỏe, hoàn thành nghĩa vụ và quay trở lại xây dựng xã hội"", phóng viên Heo nói với người lính. ""Anh lính trẻ đó trông rất lịch sự. Nhìn thấy đôi mắt sau cặp kính đó, mọi tức giận của tôi biến tan. Tôi tôn trọng và cũng xót xa vô cùng"", ông Heo bày tỏ với người xem trong video. Hàn Quốc lâm vào cuộc khủng hoảng chính trị nghiêm trọng sau khi Tổng thống Yoon Suk-yeol bất ngờ ban bố thiết quân luật trên truyền hình vào đêm 3/12 để đối phó với phe đối lập, những người ông gọi là ""thế lực chống phá nhà nước"". Động thái của ông gây sốc, bị chỉ trích gay gắt và châm ngòi cho các cuộc biểu tình trên đường phố Seoul ngay trong đêm. Sắc lệnh thiết quân luật được ban hành với các biện pháp như cấm quốc hội hoạt động, kiểm soát báo chí, cấm tụ tập biểu tình. Binh sĩ Hàn Quốc tìm cách vào trong tòa nhà quốc hội đêm 3/12. Ảnh: AFP Sau khi Tổng thống ban bố thiết quân luật, quân đội Hàn Quốc đã triển khai binh sĩ đến tòa quốc hội ở Seoul, ngăn người ngoài vào khuôn viên và cố tiếp cận phòng họp. Chủ tịch Quốc hội đã phải trèo tường vào để chủ trì phiên họp khẩn lúc 1h sáng, thông qua nghị quyết yêu cầu dỡ thiết quân luật. Ở bên ngoài, các trợ lý nghị sĩ dàn hàng, dùng bàn ghế chặn cửa, ngăn binh sĩ vào phòng. Dù có một số vụ xô đẩy, to tiếng, các cuộc đụng độ kết thúc mà không có sự cố lớn nào xảy ra. Theo truyền thông Hàn Quốc, những người lính dường như không thực sự nỗ lực vào phòng họp. ""Khi tôi kéo tay một người lính, anh ấy lùi lại, trông rất lúng túng và ngần ngại. Anh ấy như không hiểu tại sao lại phải làm việc này"", một người dân nói. Gần 6 giờ hỗn loạn trong lệnh thiết quân luật ở Hàn Quốc. Video: Reuters, Guardian, SBS Đến sáng 4/12, Tổng thống Yoon thông báo chấp nhận yêu cầu của quốc hội. Lần gần đây nhất lệnh thiết quân luật được ban bố ở Hàn Quốc là vào năm 1980, sau khi tướng Chun Doo-hwan đảo chính và thành lập chính quyền quân sự. Đức Trung (Theo Korea Herald, Hankoo Kilbo, YTN)"
Hai bé gái sống sót sau khi bị kẻ trộm vứt xuống mương,https://vnexpress.net/hai-be-gai-song-sot-sau-khi-bi-ke-trom-vut-xuong-muong-4823797.html,"MỹNghi phạm đánh cắp chiếc xe Sonata ở bang Indiana, sau đó phát hiện có hai bé gái ở băng ghế sau và vứt các em xuống mương cạn trong thời tiết âm độ.","Robert Deane hôm 2/12 ra khỏi nhà ở thành phố Indianapolis, bang Indiana thì phát hiện hai ghế an toàn trên ôtô dành cho trẻ em bị vứt dưới mương cạn. Khi tới gần, Deane phát hiện trên ghế là hai bé gái nhỏ tuổi. Hai bé gái 4 và 5 tháng tuổi này được báo cáo mất tích vào khoảng 11h hôm đó, sau khi chiếc xe chở hai bé bị đánh cắp. Nghi phạm trộm xe dường như đã phát hiện hai bé gái ở băng ghế sau và vứt các em xuống mương. ""Một bé khóc toáng lên nên tôi lập tức đưa các bé vào nhà. Tôi sưởi ấm cho các bé và gọi 911"", Deane cho hay. Hai bé gái được tìm thấy ở thành phố Indianapolis, bang Indiana hôm 2/12. Ảnh: Cảnh sát Indianapolis Khi các bé được tìm thấy, nhiệt độ xung quanh đã xuống -3 độ C. Chiếc xe bị đánh cắp ở cách đó khoảng 6 km. Hiện chưa rõ các bé đã bị vứt ở ngoài trời lạnh giá như vậy trong bao lâu. ""Bên ngoài trời rất lạnh. Ai biết được chuyện gì xảy ra nếu Robert Deane không ra ngoài và thấy các bé. Chúng tôi đang truy tìm nghi phạm"", William Young, phát ngôn viên sở cảnh sát thành phố Indianapolis, cho biết, xác nhận hai bé đều an toàn. Giới chức vẫn chưa cung cấp thông tin chi tiết về cách chiếc xe Sonata bị đánh cắp. Cảnh sát đã công bố hình ảnh chiếc xe và kêu gọi người dân báo tin nếu phát hiện phương tiện bị đánh cắp này. Huyền Lê (Theo Guardian, USA Today)"
Con mèo biểu tượng cho quan hệ Nga - Nhật qua đời,https://vnexpress.net/con-meo-bieu-tuong-cho-quan-he-nga-nhat-qua-doi-4823662.html,"Con mèo tên ""Hòa bình"", món quà Tổng thống Nga Putin tặng cho Thống đốc tỉnh Akita, Nhật Bản, qua đời ở tuổi 12.","Chính quyền tỉnh Akita ngày 3/12 thông báo con mèo Mir (tiếng Nga có nghĩa là ""Hòa bình""), giống mèo Siberia màu xám, do Tổng thống Nga Vladimir Putin tặng Thống đốc tỉnh Akita Norihisa Satake năm 2012, qua đời ở tuổi 12. Mèo Mir là món quà đáp lễ từ lãnh đạo Nga, sau khi ông được tỉnh Akita tặng một con chó giống Akita, loài vật đặc trưng của vùng này. Ông Putin đặt tên con chó là Yume (tiếng Nhật có nghĩa là ""Giấc mơ"") và rất nhiều lần cho nó xuất hiện cùng trước công chúng. Mèo Mir, món quà do Tổng thống Nga Putin tặng Thống đốc tỉnh Akita Norihisa Satake. Ảnh: Yomiuri Shimbun Yume là món quà thể hiện sự biết ơn của chính quyền Akita trước sự giúp đỡ của Nga trong công tác ứng phó sau động đất, sóng thần năm 2011, thảm họa đã khiến ít nhất 19.700 người thiệt mạng khắp Nhật Bản. Ông Putin ban đầu cân nhắc đáp lễ bằng một con chó, nhưng sau đó đổi ý tặng mèo vì biết Thống đốc Satake yêu thích loài vật này. Mèo Mir được nhiều người biết đến và nhiều lần được các nhà ngoại giao Nga tới thăm, tặng quà. Trong đại dịch Covid-19, mèo Mir từng phải cách ly vì giới chức Akita lo ngại con vật có thể bị bệnh. Thống đốc Satake khi đó chia sẻ rằng mèo Mir đã thực sự trở thành một phần gia đình ông. ""Nó háu ăn, khỏe mạnh, thân thiện và rất ngoan. Mir sống hòa thuận với 6 con mèo khác trong nhà chúng tôi. Nó rất đặc biệt vì tôi luôn cảm nhận được sự bình yên khi ngắm nhìn nó"", Thống đốc Satake nói. Ngọc Ánh (Theo RT, TASS)"
Elon Musk muốn bỏ cách tính giờ 'phiền phức' ở Mỹ,https://vnexpress.net/elon-musk-muon-bo-cach-tinh-gio-phien-phuc-o-my-4823647.html,"Musk, lãnh đạo Ban Hiệu suất Chính phủ của ông Trump, muốn bỏ quy ước giờ mùa hè (DST) ở Mỹ vì cho rằng cách tính giờ này ""lỗi thời"" và gây phiền toái.","""Có vẻ như người Mỹ muốn xóa bỏ những cách đổi giờ phiền phức!"", Elon Musk viết trên X vào ngày 27/11, phản hồi bài đăng của một tài khoản nói rằng ""Tất cả những gì tôi ước trong ngày sinh nhật là quy ước giờ mùa hè bị bãi bỏ"". Quy ước giờ mùa hè, hay còn gọi là Giờ tiết kiệm ánh sáng ban ngày (DST), là cách chỉnh giờ theo khoảng thời gian thực tế mà trời sáng trong ngày, được áp dụng ở Mỹ và nhiều nước châu Âu. Theo quy ước này, từ khoảng giữa mùa xuân (cuối tháng 3) tới đầu mùa đông (cuối tháng 10, đầu tháng 11), khi ban ngày dài hơn, đồng hồ sẽ được chỉnh nhanh hơn một tiếng. Vào mùa đông, đồng hồ sẽ được chỉnh về như cũ. Musk và Vivek Ramaswamy, hai lãnh đạo Ban Hiệu suất Chính phủ của Tổng thống đắc cử Donald Trump, những ngày qua đồng loạt kêu gọi chấm dứt cách đổi giờ này tại Mỹ, cho rằng nó đã lỗi thời và gây bất tiện cho xã hội. Ramaswamy gọi DST là ""thói quen kém hiệu quả và dễ dàng thay đổi"". Khi thượng nghị sĩ Mike Lee của đảng Cộng hòa hỏi liệu Musk có muốn chấm dứt hoàn toàn DST hay không, tỷ phú công nghệ thừa nhận ""Đúng"". Những bình luận này khiến truyền thông Mỹ nhận định Ban Hiệu suất Chính phủ sẽ thúc đẩy đổi cách tính giờ tại Mỹ một khi ông Donald Trump nhậm chức vào tháng 1/2025. Ý tưởng này đã nhận được sự ủng hộ đáng kể từ các cử tri trong những năm qua. Tỷ phú Mỹ Elon Musk tại New York ngày 27/10. Ảnh: AP Theo CNN, tranh cãi về múi giờ tại Mỹ chia thành ba nhóm chính. Một nhóm muốn giữ nguyên hệ thống hiện tại, khi đồng hồ được chỉnh lên vào tháng 3 và chỉnh lùi vào tháng 11, cho rằng cách này cân bằng thời gian ánh sáng giữa sáng và tối trong năm. Nhóm thứ hai ủng hộ áp dụng múi giờ tiêu chuẩn quanh năm, giúp thời gian buổi sáng dài hơn, phù hợp với nhịp sinh học tự nhiên và được nhiều chuyên gia y tế khuyến nghị. Nhóm thứ ba đề xuất duy trì DST quanh năm, với hy vọng thúc đẩy hoạt động kinh tế vào buổi tối và giảm tỷ lệ tội phạm. Musk cho rằng nên bỏ quy ước đổi giờ ""phiền phức"", hoặc áp dụng DST quanh năm theo đề xuất của thượng nghị sĩ Rick Scott, người từng ký một luật tương tự tại Florida vào năm 2018, cho rằng người dân bang này đã quá mệt mỏi với việc đổi giờ. DST được áp dụng tại Mỹ trong Thế chiến I nhằm tăng năng suất công nghiệp. Tuy nhiên, nỗ lực áp dụng hệ thống tính giờ này quanh năm trong đợt khủng hoảng năng lượng những năm 1970 đã gặp phản đối mạnh mẽ, khi xuất hiện nhiều lo ngại về an toàn cho trẻ em ra đường trong giờ hành chính nhưng thật ra trời đã tối. DST cũng không được áp dụng đồng nhất ở các bang Mỹ, điển hình như Hawaii và phần lớn Arizona không đổi giờ hàng năm theo quy ước. Năm 2022, Thượng viện Mỹ thông qua dự luật duy trì DST quanh năm, nhưng Hạ viện không đưa dự luật ra biểu quyết, khiến đề xuất không được thông qua. Với sự hậu thuẫn của những người nổi tiếng như Musk và Ramaswamy, đề xuất này đang được chú ý trở lại. Musk và Ramaswamy dự kiến phát biểu trước các thành viên đảng Cộng hòa tại Hạ viện và Thượng viện vào chiều 5/12, nhằm thảo luận về công việc của Ban Hiệu suất Chính phủ trong chính quyền mới. Thanh Danh (Theo CNN, Hill, Fortune)"
Cơn giận của người Hàn Quốc trong đêm thiết quân luật,https://vnexpress.net/con-gian-cua-nguoi-han-quoc-trong-dem-thiet-quan-luat-4823518.html,"Khi Tổng thống Yoon Suk-yeol ban bố thiết quân luật, Lee, giáo viên 28 tuổi, còn ngỡ đây là tình huống tấu hài trên gameshow truyền hình.","""Tôi tưởng ông Yoon được mời làm trò chơi khăm này trên gameshow. Nhưng khi tin tức liên tục ập đến, tôi dần chuyển qua hoảng sợ"", Lee, giáo viên ở Gyeonggi, kể lại thời điểm hay tin Tổng thống Yoon bất ngờ ban bố thiết quân luật từ 23h. Đây là lần đầu tiên Tổng thống nước này ban bố thiết quân luật trong 44 năm qua. Mạng xã hội Hàn Quốc lập tức tràn ngập các bài đăng, bình luận bày tỏ lo lắng. Một số nền tảng lớn như Blind và Naver Cafe không thể truy cập trong một thời gian do quá tải. ""Đây là điều thực sự xảy ra trong năm 2024 sao? Tôi không thể tin nổi. Những gì phát trên TV giống những lần binh biến hàng chục năm trước"", một người dùng mạng bình luận. Xe quân sự bên ngoài quốc hội sau khi Tổng thống Yoon ban bố thiết quân luật. Ảnh: Reuters Tổng thống Yoon Suk-yeol cho biết ban bố thiết quân luật nhằm đối phó với thế lực ""chống phá"". Ông nhắc đến việc đảng Dân chủ, chiếm đa số trong quốc hội Hàn Quốc, tuần này luận tội một số công tố viên cấp cao và cắt giảm ngân sách. Sắc lệnh thiết quân luật được ban hành với các biện pháp như cấm quốc hội hoạt động, kiểm soát báo chí, cấm tụ tập biểu tình. Ước tính 4.000 người tức giận đổ ra đường bất chấp thời tiết lạnh giá, bao quanh tòa quốc hội ở quận Yeouido, Seoul, khiến giao thông khu vực tắc nghẽn. Họ hô vang các khẩu hiệu ""cứu nền dân chủ"" và kêu gọi luận tội Tổng thống Yoon. ""Tôi phẫn nộ đến mức phải đến đây."", Kim, 50 tuổi, nói. ""Đây là hành vi lạm quyền, vi phạm trực tiếp hiến pháp"". Hàn Quốc từng nhiều lần áp đặt thiết quân luật nhằm dẹp yên rối loạn chính trị. Nhưng biện pháp này từng bị lạm dụng khi đảng cầm quyền muốn duy trì quyền lực thông qua các sửa đổi hiến pháp. Sau khi chuyển từ chính quyền quân sự sang chế độ dân chủ vào cuối thập niên 1980, thiết quân luật được xem là tàn tích của quá khứ. ""Thật sai, quá sai. Tôi cứ nghĩ mình đang mơ khi Tổng thống ban bố thiết quân luật. Làm sao có thể hành động như vậy vào thời đại này"", một phụ nữ khác đến từ Goyang, tỉnh Gyeonggi nói. ""Tôi thậm chí còn run rẩy khi đăng bình luận này"", một người dùng mạng viết khi theo dõi tin tức. Người dân hô khẩu hiệu yêu cầu vô hiệu hóa thiết quân luật và phản đối Tổng thống Yoon. Ảnh: AFP Rạng sáng 4/12, quốc hội Hàn Quốc khai mạc phiên họp khẩn sau khi 190 nghị sĩ vào được bên trong cơ quan. Toàn bộ 190 nghị sĩ có mặt đều bỏ phiếu ủng hộ nghị quyết yêu cầu dỡ thiết quân luật. Sau khi Chủ tịch Woo gõ búa thông qua nghị quyết, người biểu tình ở bên ngoài reo hò vui mừng. ""Thật nhẹ nhõm. Tôi đến đây khi nghe thấy tiếng trực thăng vần vũ trên bầu trời thủ đô"", một phụ nữ 43 tuổi sống tại Dangsan, phía tây Seoul, nói. Binh sĩ Hàn Quốc sau đó rút khỏi tòa nhà quốc hội. Nhưng đám đông vẫn tụ tập đến 3h sáng, yêu cầu tổng thống chịu trách nhiệm pháp lý. Đến 4h30, ông Yoon thông báo chấp nhận gỡ bỏ thiết quân luật. Binh sĩ Hàn Quốc rời khỏi tòa nhà quốc hội. Video: SBS Nhiều người mất ngủ vì theo dõi tin tức, bày tỏ nỗi sốc, hoài nghi trên đường đi làm. ""Tôi không thể ngủ được, dán mắt vào tin tức cả đêm. Cảm giác thật siêu thực, như một cơn ác mộng vậy"", một nhân viên văn phòng 41 tuổi họ Choi cho biết. ""Giống như tôi đã du hành ngược thời gian 40 năm, thật vô lý. Ngay cả cậu con trai đang học cấp hai của tôi cũng không ngủ được và xem TV cùng tôi. Tim tôi vẫn đập thình thịch"", Choi nói thêm. Nhiều người kêu gọi Tổng thống Yoon từ chức. ""Ông ấy dùng quân đội chống lại người bất đồng chính kiến. Đây không phải thời kỳ độc tài quân sự"", Park, nhân viên văn phòng 51 tuổi ở Yeongdeungpo, bày tỏ. Lee Ji-woo, 32 tuổi, cho biết cô thức trắng đêm tìm kiếm các nền tảng như Naver và X để cập nhật thông tin. ""Tôi thậm chí còn tìm kiếm những bức ảnh thiết quân luật thời trước. Điều khiến tôi lo lắng nhất là hậu quả kinh tế"", cô nói. Một người dân trèo qua hàng rào khuôn viên tòa quốc hội ngày 3/12. Ảnh: Yonhap Hơn 40 nghị sĩ từ các đảng đối lập đã kêu gọi lập tức tiến hành luận tội ông Yoon với cáo buộc ""chủ mưu hành động sai phạm trong quản lý nhà nước, có tính chất phản quốc"". Đảng Dân chủ tuyên bố sẽ bắt đầu quá trình luận tội nếu Tổng thống Hàn Quốc không từ chức. Các phụ huynh Hàn Quốc chia sẻ nỗi lo trên các hội nhóm, diễn đàn trực tuyến sau biến động đêm qua. Nhiều người hôm nay quyết định cho con ở nhà, không đi nhà trẻ hoặc mẫu giáo. Cha mẹ của những người lính cũng sốt ruột. ""Con trai tôi phục vụ trong quân đội, nhưng tôi không thể liên lạc với cháu kể từ hôm qua. Có những người lính bị hoãn xuất ngũ, hoặc đang nghỉ phép nhưng được lệnh quay lại. Tình hình trong quân đội chắc chắn sẽ khó khăn hơn"". Đức Trung (Theo Korea Times, Korea Herald, Korea JoongAng Daily)"
Thị trấn 'đại bản doanh' của ông Trump lột xác,https://vnexpress.net/thi-tran-dai-ban-doanh-cua-ong-trump-lot-xac-4822827.html,"Giao thông ách tắc, an ninh siết chặt, giá bất động sản tăng lên khi khách VIP đổ về Palm Beach, nơi đặt đại bản doanh của ông Trump.","Hàng loạt hoạt động sau bầu cử tổng thống Mỹ đã và đang làm thay đổi hình ảnh Palm Beach của Florida một cách chóng vánh, khi Tổng thống đắc cử Donald Trump chọn thị trấn này làm ""đại bản doanh"" để xây dựng nội các tương lai trong chính quyền mới. Thị trấn ven biển bang Florida là nơi tọa lạc khu nghỉ dưỡng Mar-a-Lago, nơi ông Trump sinh sống và làm việc sau khi rời Nhà Trắng sau nhiệm kỳ đầu tiên. Palm Beach vốn đã đông đúc 4 năm qua giờ đây chứng kiến ùn tắc giao thông nghiêm trọng hơn, khi mật vụ siết chặt an ninh và bắt đầu phong tỏa một phần đại lộ chính, chia thị trấn làm đôi. ""Chúng ta có được ban bố tình trạng khẩn cấp không?"" một thành viên Hội đồng thị trấn Palm Beach nói. ""Bởi tình hình hiện nay đang rất khẩn cấp"". Người ủng hộ ông Trump cắm trại gần Mar-a-Lago ngày 29/11. Ảnh: AFP Trao đổi với hội đồng, một chủ doanh nghiệp cho hay một nhân viên cấp cao trong công ty vừa từ chức vì không thể đi làm do tắc đường, đồng thời cầu cứu hội đồng đưa ra phương án giải quyết ùn tắc tại đây ""ít nhất trong 4 năm nữa"". ""Tôi hy vọng tình hình sẽ an toàn và mong mỏi chúng ta không phải chịu cảnh tắc đường quá lâu"", một thành viên khác trong hội đồng nói. Đường phố đông đúc chỉ là một trong số nhiều dấu hiệu cho thấy sự thay đổi mà ông Trump đem lại cho Palm Beach, dải đất nhiều người giàu cư ngụ ở phía nam Florida với các khu nghỉ dưỡng sang trọng và người ở vùng lạnh giá tới tránh rét. Sau khi ông Trump đắc cử và lựa chọn nhân sự cho nội các tương lai, các chính trị gia, những người vận động hành lang, những người có ảnh hưởng trong phong trào MAGA (Làm nước Mỹ vĩ đại trở lại) cùng lãnh đạo các doanh nghiệp đang ùn ùn kéo về thị trấn, lấp đầy các phòng khách sạn, đem theo đội ngũ vệ sĩ đông đảo. Các đại lý bất động sản ở Palm Beach cho hay những người này đang quan tâm nhiều hơn tới dòng bất động sản cao cấp. Các phóng viên truyền hình túc trực ngoài đường, liên tục đưa tin, khiến người dân khắp thế giới biết nhiều hơn tới Palm Beach. ""Bây giờ ai cũng muốn có mặt ở Palm Beach, nhất là thành viên đảng Cộng hòa"", Michael Barnett, cựu ủy viên hạt từng làm chủ tịch đảng Cộng hòa tại địa phương, nói. ""Thật ngầu khi được khoe ta sống ở sân sau nhà ông Trump"". Nhưng những hoạt động chính trị nhộn nhịp như vậy cũng gây khó chịu cho một số cư dân lâu năm. Palm Beach chỉ có một con đường chạy dọc thị trấn và tuyến phố gần dinh thự Mar-a-Lago thường xuyên bị phong tỏa mỗi khi ông Trump ở đây. Cảnh sát gần đây đóng cửa con đường từ trước ngày bầu cử cho tới khi có thông báo mới, gây nhiều bức xúc cho người dân sống gần đó. ""Ai rồi cũng đến được nơi mình muốn, nhưng bấm còi, vượt ẩu, tạt đầu xe khác sẽ không khiến bạn đi nhanh hơn hay đường đỡ tắc hơn"", cảnh sát Palm Beach tuần trước ra tuyên bố khuyến cáo người dân địa phương. Ban lãnh đạo thị trấn đang nỗ lực giải quyết tình trạng ùn tắc. ""Đặc biệt trong thời gian này, khi thị trấn được khắp nơi chú ý nhờ cuộc bầu cử, chúng ta nợ cộng đồng một phương án giải quyết"", thành viên hội đồng Ted Cooney nói trong cuộc họp tháng trước. Mar-a-Lago nhìn từ hồ Worth Lagoon ngày 2/12. Ảnh: AFP Robert Swidler, cư dân 78 tuổi ở Palm Beach, than phiền chuyện phong tỏa đường sá. ""Tình trạng này khiến chúng tôi chết dần chết mòn"", Swidler nói. ""Tất cả cư dân đang chết dần"". Ông Trump, người sinh ra và lớn lên ở New York, mua dinh thự Mar-a-Lago vào những năm 1980 và biến nơi này thành câu lạc bộ golf và nghỉ dưỡng. Khu nghỉ dưỡng được gọi là ""Nhà Trắng mùa đông"" trong nhiệm kỳ đầu của ông Trump và cuối cùng trở thành nơi ở chính thức của ông từ năm 2021. Trụ sở chiến dịch tranh cử 2024 của ông Trump đặt ở Mar-a-Lago. Kế hoạch chuyển giao quyền lực cũng đang được tiến hành ở khu nghỉ dưỡng này cùng các văn phòng phía bên kia bờ biển ở West Palm Beach. Hạt Palm Beach vốn có truyền thống ủng hộ đảng Dân chủ gần như tuyệt đối trong các kỳ bầu cử trước đây. Năm 2016, số phiếu mà bà Hillary Clinton nhận được cao hơn 15% so với ông Trump. Tuy nhiên, địa phương này từ đó chuyển sang ủng hộ cánh hữu. Thống đốc Ron DeSantis đã thắng ở hạt Palm Beach năm 2022 và năm nay, số phiếu ông Trump nhận được tại đây chỉ kém bà Kamala Harris chưa tới 1%. Mùa đông nhộn nhịp mới bắt đầu với các khách sạn và nhà hàng ở Palm Beach. Bernardo Neto, tổng giám đốc khách sạn The Ben, ước tính lượng khách đặt phòng tăng 15% so với bình thường trong những tuần gần đây. ""Có lẽ tình hình tốt đẹp này sẽ duy trì trong suốt nhiệm kỳ của ông Trump"", Neto nói. Milton Segarra, CEO một công ty tiếp thị du lịch ở hạt Palm Beach, cho biết nhu cầu về phòng nghỉ, các dịch vụ đi lại và ăn uống đang tăng lên. Ông Trump dự tiệc ở Mar-a-Lago ngày 14/11. Ảnh: AP Kelly Smallridge, chủ tịch cơ quan phát triển kinh tế Palm Beach, cho hay hoạt động kinh doanh trong khu vực đã và đang tăng trưởng. Nhiều công ty tài chính lớn đã đổ về Palm Beach trong những năm gần đây và chiến thắng của ông Trump như mạ thêm lớp vàng cho địa phương. ""Nhìn từ góc độ quảng bá phát triển kinh tế, những gì mà Palm Beach và West Palm Beach nhận được từ hoạt động truyền thông hiện nay là thứ mà chúng tôi không bao giờ đủ tiền chi trả"", bà nói thêm. Nhà phát triển bất động sản Jonathan Duerr, người chuyên kinh doanh bất động sản cao cấp, cho hay nhu cầu mua nhà ở Palm Beach đang tăng và ông dự đoán một làn sóng khách hàng mới từ thủ đô Washington sẽ đổ về đây. ""Trước đây là các nhà đầu tư vùng đông bắc và New York, còn bây giờ, chúng tôi bất ngờ nhận được làn sóng nhà đầu tư trong giới chính trị và những người liên quan"", ông nói. Hồng Hạnh (Theo Washington Post)"
Tuyết phủ trắng khu vực Ngũ Đại Hồ ở Mỹ,https://vnexpress.net/tuyet-phu-trang-khu-vuc-ngu-dai-ho-o-my-4823122.html,"Hiện tượng thời tiết đặc thù khiến tuyết rơi dày tới 152 cm ở một số khu vực thuộc Ngũ Đại Hồ, ảnh hưởng cuộc sống của người dân.","Khu vực Great Lakes (Ngũ đại hồ), 5 hồ lớn gần biên giới Canada - Mỹ và là nhóm hồ nước ngọt lớn nhất thế giới, đã ghi nhận lượng tuyết rơi dày hơn 152 cm vào cuối tuần khiến giao thông tắc nghẽn, phương tiện mắc kẹt và nhà cửa bị tuyết bao phủ. Tuyết vẫn tiếp tục rơi trong ngày 2/12. Khu vực Great Lakes (Ngũ đại hồ), 5 hồ lớn gần biên giới Canada - Mỹ và là nhóm hồ nước ngọt lớn nhất thế giới, đã ghi nhận lượng tuyết rơi dày hơn 152 cm vào cuối tuần khiến giao thông tắc nghẽn, phương tiện mắc kẹt và nhà cửa bị tuyết bao phủ. Tuyết vẫn tiếp tục rơi trong ngày 2/12. Nhóm ngư dân chuẩn bị mồi câu cá dọc bờ hồ Erie sau trận tuyết lớn. ""Tuyết rơi do hiệu ứng hồ"" là hiện tượng đặc thù ở vùng Ngũ Đại Hồ, khi không khí lạnh gặp hơi nước ấm bốc lên từ hồ sẽ trở thành các khối khí ấm, ẩm và thoát hơi ẩm, hình thành các dải tuyết hẹp nhưng lượng tuyết lớn, rơi xuống các khu vực lân cận hồ theo hướng gió. Hiện tượng này làm giảm tầm nhìn, khiến người điều khiển phương tiện không thể lái xe. Nhóm ngư dân chuẩn bị mồi câu cá dọc bờ hồ Erie sau trận tuyết lớn. ""Tuyết rơi do hiệu ứng hồ"" là hiện tượng đặc thù ở vùng Ngũ Đại Hồ, khi không khí lạnh gặp hơi nước ấm bốc lên từ hồ sẽ trở thành các khối khí ấm, ẩm và thoát hơi ẩm, hình thành các dải tuyết hẹp nhưng lượng tuyết lớn, rơi xuống các khu vực lân cận hồ theo hướng gió. Hiện tượng này làm giảm tầm nhìn, khiến người điều khiển phương tiện không thể lái xe. Người dân địa phương cào tuyết, đẩy ôtô mắc kẹt sau trận tuyết lớn ở hạt Erie, Pennsylvania ngày 2/12. Thống đốc Pennsylvania Josh Shapiro đã kích hoạt lực lượng Vệ binh Quốc gia vào cuối tuần. Nhiều doanh nghiệp, văn phòng chính quyền, trường học và trường đại học trên khắp hạt đóng cửa vào ngày 2-3/12 và một số trường hợp đến hết ngày 4/12. Người dân địa phương cào tuyết, đẩy ôtô mắc kẹt sau trận tuyết lớn ở hạt Erie, Pennsylvania ngày 2/12. Thống đốc Pennsylvania Josh Shapiro đã kích hoạt lực lượng Vệ binh Quốc gia vào cuối tuần. Nhiều doanh nghiệp, văn phòng chính quyền, trường học và trường đại học trên khắp hạt đóng cửa vào ngày 2-3/12 và một số trường hợp đến hết ngày 4/12. Sân bay quốc tế Erie ban bố tình trạng khẩn cấp vì tuyết ngày 2/12. Sân bay quốc tế Erie ban bố tình trạng khẩn cấp vì tuyết ngày 2/12. Bà Serena Schodt cào tuyết phủ trên ôtô ở Erie. North East, khu dân cư thuộc hạt Erie, ghi nhận lượng tuyết rơi 106 cm chỉ từ đêm 28/11 tới chiều 30/11. Nhiều cư dân hạt này cho biết phải xúc tuyết hàng giờ để khơi thông lối đi. Bà Serena Schodt cào tuyết phủ trên ôtô ở Erie. North East, khu dân cư thuộc hạt Erie, ghi nhận lượng tuyết rơi 106 cm chỉ từ đêm 28/11 tới chiều 30/11. Nhiều cư dân hạt này cho biết phải xúc tuyết hàng giờ để khơi thông lối đi. Người đàn ông lái xe cào tuyết ở Elma, New York. Tình hình giao thông nguy hiểm hơn sau lễ Tạ ơn, một trong những thời điểm người dân lưu thông nhiều nhất trong năm. Cảnh sát bang New York cho hay đã cứu hộ ít nhất 110 xe hỏng ở khu vực phía tây New York và gần ranh giới bang Pennsylvania cuối tuần qua. Thống đốc New York Kathy Hochul ngày 29/11 ban bố tình trạng khẩn cấp bang ở 11 hạt và triển khai hơn 100 thành viên Vệ binh Quốc gia để ứng phó. Người đàn ông lái xe cào tuyết ở Elma, New York. Tình hình giao thông nguy hiểm hơn sau lễ Tạ ơn, một trong những thời điểm người dân lưu thông nhiều nhất trong năm. Cảnh sát bang New York cho hay đã cứu hộ ít nhất 110 xe hỏng ở khu vực phía tây New York và gần ranh giới bang Pennsylvania cuối tuần qua. Thống đốc New York Kathy Hochul ngày 29/11 ban bố tình trạng khẩn cấp bang ở 11 hạt và triển khai hơn 100 thành viên Vệ binh Quốc gia để ứng phó. Chiếc xe buýt chở học sinh hoãn khởi hành sau cơn bão tuyết ở Lowville, New York. Chiếc xe buýt chở học sinh hoãn khởi hành sau cơn bão tuyết ở Lowville, New York. Người hâm mộ đội bóng bầu dục Buffalo Bills ngồi giữa hàng ghế bị tuyết bao phủ, xem các cầu thủ khởi động làm nóng cơ thể trước trận đấu với đội San Francisco 49ers ở Orchard Park, thị trấn thuộc bang New York, ngày 1/12. Người hâm mộ đội bóng bầu dục Buffalo Bills ngồi giữa hàng ghế bị tuyết bao phủ, xem các cầu thủ khởi động làm nóng cơ thể trước trận đấu với đội San Francisco 49ers ở Orchard Park, thị trấn thuộc bang New York, ngày 1/12. Cậu bé mặc áo dày, đội mũ, đeo găng tay khi tham gia lễ diễu hành thường niên ở Hamburg, bang New York, ngày 30/11. Cậu bé mặc áo dày, đội mũ, đeo găng tay khi tham gia lễ diễu hành thường niên ở Hamburg, bang New York, ngày 30/11. Một người đi bộ dưới hàng cây phủ trắng tuyết ở Traverse City, bang Michigan. Khu vực Xa lộ liên bang số 94 gần Hartford, tây nam Michigan, chiều 2/12 ghi nhận hàng loạt vụ tai nạn giao thông. Cảnh sát Michigan cho hay ít nhất một người lái xe bị thương nặng, tuyến đường bị đóng cửa hai chiều. Một người đi bộ dưới hàng cây phủ trắng tuyết ở Traverse City, bang Michigan. Khu vực Xa lộ liên bang số 94 gần Hartford, tây nam Michigan, chiều 2/12 ghi nhận hàng loạt vụ tai nạn giao thông. Cảnh sát Michigan cho hay ít nhất một người lái xe bị thương nặng, tuyến đường bị đóng cửa hai chiều. Xe cào tuyết di chuyển trên đường phố hạt Antrim, bang Michigan. Xe cào tuyết di chuyển trên đường phố hạt Antrim, bang Michigan. Ron Colby dọn tuyết khỏi lỗ chó chui bên ngoài nhà riêng ở Geneva on the Lake, ngôi làng tại bang Ohio. Ron Colby dọn tuyết khỏi lỗ chó chui bên ngoài nhà riêng ở Geneva on the Lake, ngôi làng tại bang Ohio. Ảnh: AFP/AP Ảnh: AFP/AP"
'Thối não' vì sống ảo được Oxford chọn là từ của năm 2024,https://vnexpress.net/thoi-nao-vi-song-ao-duoc-oxford-chon-la-tu-cua-nam-2024-4823098.html,"""Brain rot"" (thối não) được Đại học Oxford chọn là từ của năm 2024, phản ánh tình trạng sống ảo quá mức trên mạng xã hội làm suy giảm sức khỏe tâm thần.","Đại học Oxford, Anh, ngày 2/12 thông báo ""brain rot"" (thối não) được chọn là từ của năm 2024. Từ này lần đầu xuất hiện vào năm 1854 trong cuốn Walden của Henry David Thoreau, trong đó nhà văn sử dụng thuật ngữ ""thối não"" để chỉ trích tình trạng đơn giản hóa quá mức mọi thứ. ""Tại sao người Anh chú tâm cứu khoai tây thối rữa mà không quan tâm đến khắc phục tình trạng thối não, vốn phổ biến hơn và gây hậu quả nghiêm trọng hơn"", Thoreau đặt câu hỏi trong cuốn sách hơn 200 năm trước. Ngày nay, ""thối não"" được dùng để mô tả tình trạng cuộc sống xoay quanh smartphone, bày tỏ nỗi lo ngại về việc tiêu thụ vô số ảnh chế, video ngắn trên mạng xã hội có thể làm suy giảm sức khỏe tâm thần của nhiều người. Lượt tra cứu từ ""thối não"" tăng đến 230% trong năm 2024. ""Từ này phản ánh mối nguy hiện hữu từ cuộc sống ảo, từ cách chúng ta sử dụng thời gian rảnh. 'Thối não' mở ra chương tiếp theo trong cuộc thảo luận về văn hóa, công nghệ của nhân loại"", Casper Grathwohl, chủ tịch của Oxford Languages, nói. Một người đàn ông dùng smartphone ở Bỉ, tháng 11. Ảnh: AFP Các từ lóng trên Internet đang dần phổ biến. Năm 2023, Oxford chọn ""rizz"", được giới trẻ sử dụng nhiều trên mạng xã hội, là từ của năm. ""Rizz"" được định nghĩa là phong cách, sự quyến rũ hoặc hấp dẫn, hay khả năng thu hút bạn tình của một ai đó, như một hình thức rút gọn của từ ""charisma"". Tony Thorne, chuyên gia ngôn ngữ học tại Đại học Hoàng gia London, cho biết sự phát triển của vốn từ mới trên Internet phản ánh việc thế giới đang chuyển qua đọc nội dung trực tuyến là chủ yếu. ""Internet dần trở thành nơi ngôn ngữ phát triển và thay đổi. Trước đây, ngôn ngữ thay đổi ở sân chơi, công sở, đường phố, đôi khi chịu tác động từ phim ảnh và truyền hình. Giờ là ở trên Internet"", ông Thorne giải thích. ""Các nhà xuất bản từ điển đang nỗ lực cắt nghĩa các thuật ngữ mới và kỳ lạ này"". Đức Trung (Theo Washington Post, Reuters, Guardian)"
Ông Trump sẽ dự lễ khánh thành Nhà thờ Đức Bà Paris,https://vnexpress.net/ong-trump-se-du-le-khanh-thanh-nha-tho-duc-ba-paris-4823067.html,"Ông Trump sẽ tham dự lễ khánh thành lại Nhà thờ Đức Bà ở Paris vào cuối tuần, sau 5 năm địa điểm này được phục hồi sau vụ hỏa hoạn.","""Thật vinh dự khi thông báo tôi sẽ tới Paris, Pháp, vào 7/12 để tham dự lễ khánh thành lại Nhà thờ Đức Bà tráng lệ và đậm chất lịch sử, nơi đã được phục hồi hoàn toàn sau trận hỏa hoạn tàn khốc cách đây 5 năm"", Tổng thống đắc cử Mỹ Donald Trump đăng trên mạng xã hội Truth Social ngày 2/12. Đám cháy tối 19/4/2019 đã tàn phá Nhà thờ Đức Bà, một trong những công trình nổi tiếng nhất thế giới. Tổng thống Emmanuel Macron nhanh chóng đặt ra mục tiêu là xây dựng lại Nhà thờ Đức Bà trong vòng 5 năm, ""thậm chí còn đẹp hơn"" trước. ""Tổng thống Macron đã làm được công việc tuyệt vời để đảm bảo Nhà thờ Đức Bà được phục hồi hoàn toàn vẻ huy hoàng vốn có, thậm chí còn hơn thế. Đây sẽ là ngày rất đặc biệt đối với tất cả mọi người!"", ông Trump nêu thêm. Sự kiện khánh thành ngày 7-8/12 dự kiến thu hút khoảng 50 nguyên thủ quốc gia và người đứng đầu chính phủ. Tổng thống đắc cử Mỹ Donald Trump tại thủ đô Washington ngày 13/11. Ảnh: AFP Trong chuyến kiểm tra công trình cuối tuần qua, Tổng thống Macron cho biết các nhân viên dự án đã làm được việc ""bất khả thi"" khi hàn gắn ""vết thương của quốc gia"". Khoảng 250 công ty và hàng trăm chuyên gia đã được huy động để phục hồi nhà thờ với tổng chi phí hơn 750 triệu USD. Nhà thờ đã nhận được 895 triệu USD tiền quyên góp từ 150 quốc gia. Các chuyên gia áp dụng kỹ thuật cổ điển và hiện đại. Họ ban đầu dùng máy hút bụi công suất lớn để loại bỏ lượng bụi độc hại phát tán sau khi lửa phá hủy phần mái và tháp chuông, làm tan chảy các tấm chì lớn phủ lên khung gỗ. Sau đó, họ phun mủ cao su lên các bề mặt đá và bóc lớp cao su sau vài ngày để làm sạch hoàn toàn bụi độc trên các kẽ đá. Tổng cộng 42.000 m2 đá được khử độc, tương đương diện tích 6 sân bóng đá. Pháp đốn khoảng 2.000 cây sồi để dựng lại khung mái dày và phức tạp của nhà thờ. Mặt tiền Nhà thờ Đức Bà Paris ngày 29/11. Ảnh: AFP Sau hơn 5 năm, Pháp vẫn trong quá trình điều tra nguyên nhân vụ cháy. Những phát hiện sơ bộ cho thấy lửa có thể bùng lên cho chập điện, đèn khò bén lửa hay tàn thuốc lá của công nhân sửa chữa. Trước vụ hỏa hoạn, Nhà thờ Đức Bà năm 2017 từng đón 12 triệu du khách. Giới chức Pháp kỳ vọng con số này sẽ còn cao hơn sau quá trình trùng tu, ở mức 14-15 triệu người. Huyền Lê (Theo AFP, AP)"
Người phương Tây đến Ukraine 'du lịch vùng chiến',https://vnexpress.net/nguoi-phuong-tay-den-ukraine-du-lich-vung-chien-4822744.html,"Du khách Tây Ban Nha Blasco Ventas hướng mắt về cầu Irpin, nơi Ukraine từng tự phá hủy vào năm 2022 để chặn Nga vào Kiev, hiện biến thành điểm du lịch cảm giác mạnh.","Lực lượng Nga từng lên kế hoạch vượt cầu Irpin để kiểm soát Kiev trong những ngày đầu chiến sự Ukraine. Họ không đạt được mục đích và sau đó phải rút lui hàng trăm km, nhưng vẫn tiến hành các cuộc không kích tên lửa, UAV gần như hàng ngày nhắm vào thủ đô, nơi Blasco Ventas chọn làm điểm du lịch. ""Đây là lần đầu tiên tôi đến vùng chiến sự"", kỹ sư phần mềm 23 tuổi nói. ""Tôi sẽ không nói dối. Tôi hơi sợ vì không biết trước được điều gì ở đây cả"". Du khách Tây Ban Nha Blasco Ventas quay phim các phương tiện hỏng hóc do chiến sự ở Irpin, Ukraine. Ảnh: AFP Ventas là khách hàng của một trong hàng chục công ty lữ hành Ukraine cung cấp các tour thăm địa điểm xảy ra những sự kiện nổi bật trong chiến sự. Anh đã gạt nỗi lo của gia đình trong một bên để đáp chuyến bay từ Tây Ban Nha đến Moldova, sau đó đi tàu 18 tiếng đến Kiev. Đáp lại những chỉ trích cho rằng những chuyến du lịch như vậy là ""bệnh hoạn, vô đạo đức"", Ventas khẳng định anh đến Ukraine trải nghiệm ""với lòng tôn trọng"". War Tours, công ty tổ chức tour du lịch Kiev, đã đón khoảng 30 khách hàng như Ventas kể từ hồi tháng 1, chủ yếu là người châu Âu, châu Mỹ. Chi phí từ 160-260 USD cho chuyến thăm quan Kiev, trong khi giá một số tour trải nghiệm nhiều ngày gần tiền tuyến có thể lên tới 3.500 USD. Một phần lợi nhuận sẽ được gửi đến quân đội Ukraine, Dmytro Nykyforov, nhà sáng lập công ty, nói, khẳng định đây là ý tưởng để tưởng niệm xung đột và ""không phải vì tiền"". ""Lợi nhuận không đáng kể, nhưng các tour này có giá trị tuyên truyền cao, giống như một loại vaccine vậy"", Svitozar Moiseiv, giám đốc công ty du lịch Capital Tours Kyiv, tiếp lời. Dmytro Nykyforov, nhà sáng lập War Tours, đứng cạnh xác một xe tăng ở ngoại ô Kiev. Ảnh: AFP Nick Tan, nhân viên ngành tài chính từ Mỹ, nằm trong số những người muốn trải nghiệm các khu vực tiền tuyến xa hơn Kiev. Tan đến Kharkov vào tháng 7, thời điểm thành phố lớn thứ hai Ukraine liên tục hứng không kích từ các lực lượng Nga cách khoảng 20 km. ""Tôi muốn chứng kiến khói lửa chiến sự vì tôi nghĩ cuộc sống của chúng tôi ở phương Tây quá thoải mái và dễ dàng"", Tan, 34 tuổi, tự nhận mình là người thích cảm giác mạnh, nói. Tan đề nghị được đến gần tiền tuyến hơn nữa, nhưng hướng dẫn viên đã từ chối. Lời đề nghị của Tan khiến vết sẹo chiến sự của một số người dân vùng ngoại ô Irpin đau nhói. ""Một UAV gần đây lao xuống cách nhà tôi chỉ 300 m. Tôi không muốn những trải nghiệm như thế này, nhưng đó là quyền của họ nếu họ muốn, có thể tạo thêm thu nhập hữu ích cho cộng đồng"", Ruslan Savchuk, 52 tuổi, tư vấn viên về du lịch cho thành phố Irpin, nói. Tàn tích cầu Irpin bị phá hủy năm 2022, hiện là điểm tham quan. Ảnh: AFP Mykhailyna Skoryk-Shkarivska, quan chức Irpin, cựu phó thị trưởng Bucha, cho biết hầu hết cư dân đều ổn với loại hình du lịch này, nhưng một số coi lợi nhuận từ nó là ""tiền máu"". ""Đã có những lời quở trách, rằng: 'Tại sao bạn đến đây? Tại sao muốn chứng kiến nỗi đau của chúng tôi?'"", bà kể. Mariana Oleskiv, lãnh đạo Cơ quan Phát triển Du lịch Quốc gia (SATD), cho biết loại hình du lịch này đặt nhiều câu hỏi về đạo đức, song ""chắc chắn thị trường này sẽ phát triển"". SATD đang chuẩn bị triển khai những khóa đào tạo cụ thể cho các hướng dẫn viên, cũng như các doanh nghiệp khai thác loại hình này tại khu vực Kiev. Chiến sự bùng phát năm 2022 khiến ngành du lịch của Ukraine sụp đổ ngay lập tức, nhưng doanh thu ngành này trong năm nay dự kiến vượt mức năm 2021, thời điểm đại dịch Covid-19 hoành hành. Bà Oleskiv cho biết ngành du lịch Ukraine đã chuẩn bị cho giai đoạn hậu chiến, đánh dấu bằng những đợt ký kết thỏa thuận với Airbnb và TripAdvisor. ""Chiến sự khiến chú ý đổ về Ukraine, thương hiệu của chúng tôi đã phát triển, ai cũng biết đến chúng tôi"", bà nói. Đức Trung (Theo AFP, AP, CNN)"
Gấu cố thủ trong siêu thị suốt hai ngày,https://vnexpress.net/gau-co-thu-trong-sieu-thi-suot-hai-ngay-4822831.html,"Nhật BảnGiới chức thành phố Akita dùng mật ong dụ con gấu cố thủ trong siêu thị suốt hai ngày ra ngoài, sau đó tiêu hủy con vật.","Cảnh sát Akita, đông bắc Nhật Bản, sáng 30/11 nhận được tin báo về vụ gấu tấn công một người đàn ông 47 tuổi trong siêu thị thành phố. Cảnh sát cho biết vết rách trên đầu nạn nhân phải mất ít nhất một tuần để lành lại sau khi cắt chỉ. Sau khi tấn công người, con gấu cao khoảng 1m cố thủ trong siêu thị và kiếm đồ ăn từ quầy thịt. Tới sáng nay, giới chức Akita dùng bẫy thức ăn phủ mật ong dụ được con vật ra ngoài và đem đi tiêu hủy. Cảnh sát mặc đồ bảo hộ chờ vây bắt gấu bên ngoài siêu thị thành phố Akita, Nhật Bản, ngày 2/12. Ảnh: AFP Trong năm tài khóa 2023 (từ 1/4/2023 đến 31/3/2024), 219 người bị gấu tấn công ở Nhật Bản, là mức cao kỷ lục. 6 người thiệt mạng, trong đó có một phụ nữ lớn tuổi bị tấn công trong vườn nhà và một ngư dân được tìm thấy bên hồ, thi thể không toàn vẹn. Trong năm tài khóa 2024, ba người đã thiệt mạng trong các cuộc tấn công do gấu gây ra. Các chuyên gia cho biết dân số giảm sút ở các vùng nông thôn Nhật Bản đang khiến những con gấu đói khát tiến dần về các ngôi làng và thị trấn có nhiều người sinh sống hơn. Các yếu tố khác như biến đổi khí hậu cũng ảnh hưởng đến nguồn cung cấp thức ăn của loài vật này và thời gian ngủ đông của chúng. Mùa hè năm nay là mùa hè ấm nhất được ghi nhận ở Nhật Bản. Con gấu được đưa lên thùng rời khỏi khu vực siêu thị thành phố Akita, Nhật Bản, ngày 2/12. Ảnh: Kyodo Theo Bộ Môi trường Nhật Bản, trong năm tài khóa trước, có 9.097 con gấu bị giết, con số cao kỷ lục và nhiều gấp đôi so với cùng kỳ năm trước. Theo truyền thông địa phương, chính quyền đang gặp khó khăn trong tìm kiếm thợ săn để hạ gấu, do dân số đang suy giảm và già hóa. Ngọc Ánh (Theo AFP, Kyodo)"
Phát hiện rắn cực độc bò trên chân khi đang lái xe,https://vnexpress.net/phat-hien-ran-cuc-doc-bo-tren-chan-khi-dang-lai-xe-4822539.html,AustraliaNữ tài xế phát hiện một con rắn độc đang trườn lên chân cô khi đang lái xe trên xa lộ ở bang Victoria.,"Cảnh sát bang Victoria, miền đông Australia, cho biết sự việc xảy ra trên xa lộ Monash, gần thành phố Melbourne hôm nay. ""Người phụ nữ đang lái xe với tốc độ 80 km/h thì cảm thấy có vật gì đó ở chân. Khi nhìn xuống, cô phát hiện con rắn hổ cực độc đang trườn trên chân mình. Điều đáng nói là tài xế vẫn xua được con rắn tránh xa, sau đó len lỏi qua dòng xe cộ rồi mới tấp vào lề và chạy khỏi xe"", thông cáo của cảnh sát có đoạn. Các sĩ quan nhận cuộc gọi và di chuyển tới hiện trường, nhìn thấy nữ tài xế đi chân trần và đang hoảng sợ. Chuyên gia đưa con rắn hổ ra khỏi xe trên xa lộ Monash, bang Victoria, miền đông Australia ngày 1/12. Ảnh: Nine ""Khi chui vào ôtô, rắn thường tìm đến nơi trú ẩn kín đáo và có thể ở trong đó nhiều ngày. Điều may mắn cho chúng tôi là con rắn này lại bò đến đuôi xe"", Tim Nanninga, chuyên gia thuộc Cơ quan Kiểm soát Rắn Melbourne cho hay. Ông đã bắt được con rắn và thả nó vào bụi rậm chiều cùng ngày. Cảnh sát cho biết nhiều tài xế tỏ ra ngỡ ngàng khi chứng kiến cảnh tượng bắt rắn. Người phụ nữ đã được nhân viên y tế kiểm tra để chắc chắn cô không bị rắn cắn. Rắn hổ là loài rắn độc thứ tư trên thế giới. Chúng có phần thân dày, dài khoảng một mét, thường nâng thân mình lên khỏi mặt đất, thu dẹt đầu và cổ khi đối mặt với mối nguy hiểm. Các chuyên gia nói rằng khí hậu ở Melbourne gần đây khiến nhiều con rắn rời khỏi môi trường sống quen thuộc như lòng sông và kênh rạch. Người dân được khuyến cáo giữ khoảng cách và gọi cho chuyên gia nếu gặp rắn. Huyền Lê (Theo AFP, 9News)"
Trốn trong nhà vệ sinh máy bay để đi lậu từ Mỹ đến Pháp,https://vnexpress.net/tron-trong-nha-ve-sinh-may-bay-de-di-lau-tu-my-den-phap-4822451.html,"Người phụ nữ quốc tịch Nga đi lậu vé trên chuyến bay từ New York, Mỹ, đến thủ đô Paris của Pháp nhờ trốn trong nhà vệ sinh.","Giới chức Pháp hôm 30/11 cho biết người phụ nữ trên 50 tuổi, mang hộ chiếu Nga, hồi giữa tuần lên chuyến bay DL264 của Delta Air Lines tại sân bay quốc tế John F. Kennedy (JFK) ở New York, sau đó đáp xuống sân bay Charles de Gaulle tại Paris mà không có vé và giấy tờ tùy thân hợp lệ. Người này lên máy bay trót lọt sau khi vượt qua hai chốt kiểm soát của Cơ quan Quản lý An ninh Vận tải Mỹ (TSA) và khâu soát vé của hãng hàng không Delta mà không bị phát hiện. Trong chuyến bay dài hơn 7 tiếng, tiếp viên hàng không bắt đầu nghi người này đi lậu vé khi nhìn thấy bà liên tục di chuyển giữa các phòng vệ sinh, gần như không thấy trở về chỗ ngồi. Máy bay của hãng hàng không Delta cất cánh từ sân bay JFK. Ảnh: AFP ""Có vẻ bà ấy đã trốn trong nhà vệ sinh ở cuối máy bay khi chúng tôi rời JFK. Hành khách chỉ biết về sự việc khi cơ trưởng thông báo lúc máy bay vào nhà ga. Họ yêu cầu chúng tôi ngồi yên vì cảnh sát Pháp sẽ lên máy bay giải quyết 'tình huống an ninh nghiêm trọng"", Rob Jackson, một hành khách trên chuyến bay, kể lại. Do không có thị thực hợp lệ, người phụ nữ bị từ chối nhập cảnh vào Pháp và được lên lịch trục xuất về Mỹ. Tuy nhiên, trong chuyến bay trở về New York ngày 30/11, người này gây rối và ngăn máy bay cất cánh, buộc nhân viên an ninh đưa bà rời máy bay. Hiện người phụ nữ đang bị giữ tại sân bay Charles de Gaulle và giới chức Pháp đang xem xét các bước tiếp theo. Sự việc làm dấy lên lo ngại về lỗ hổng an ninh tại các sân bay lớn, đặc biệt trong giai đoạn cao điểm du lịch. Các cơ quan chức năng Mỹ đang nỗ lực cải thiện quy trình kiểm tra để ngăn chặn các sự cố tương tự trong tương lai. Delta Air Lines và TSA đang tiến hành điều tra nội bộ để làm rõ cách người phụ nữ vượt qua mọi biện pháp an ninh tại sân bay JFK. Delta nhấn mạnh ưu tiên đảm bảo an ninh cho mọi chuyến bay và cam kết hợp tác với cơ quan liên quan suốt quá trình điều tra. Thanh Danh (Theo CNN, AP, NY Post)"
Trung tâm mua sắm dùng bài 'Baby Shark' đuổi người vô gia cư,https://vnexpress.net/trung-tam-mua-sam-dung-bai-baby-shark-duoi-nguoi-vo-gia-cu-4822394.html,"CanadaTrung tâm mua sắm ở Montreal phát lặp đi lặp lại bài hát thiếu nhi nổi tiếng ""Baby Shark"" để ngăn người vô gia cư tụ tập ở lối thoát hiểm.","Trung tâm thương mại Complexe Desjardin trong suốt một năm qua liên tục phát Baby Shark ở các lối ra và cầu thang thoát hiểm, đôi khi chỉnh ở nhiều tốc độ phát khác nhau. Đây là bài hát thiếu nhi nổi tiếng thế giới, hiện có hơn 15 tỷ lượt xem trên YouTube, nhiều nhất lịch sử nền tảng này. ""Biện pháp phát Baby Shark nhằm đối phó với các vấn đề an ninh liên quan đến người vô gia cư. Kể từ khi áp dụng, chúng tôi ghi nhận nhiều cải thiện"", Jean-Benoit Turcotti, phát ngôn viên trung tâm thương mại ở quận Quartier des Spectacles, Montreal, nói ngày 28/11. Trung tâm thương mại Complexe Desjardin phát bài Baby Shark ở cầu thang thoát hiểm. Video: X/Joshua Tuy nhiên, động thái này của Complexe Desjardin bị một số nhóm chỉ trích là ""tàn nhẫn và không bình thường"". Sam Watts, lãnh đạo Welcome Hall Mission, tổ chức cung cấp dịch vụ cho người vô gia cư, nói thay vì giúp giải quyết tận gốc vấn đề, Complexe Desjardin lại ""ném vấn đề sang một địa điểm khác"". ""Không thể giải quyết tình trạng vô gia cư vốn phức tạp bằng các chiến lược ngây ngô như vậy. Các doanh nhân đang lo ngại về tình trạng vô gia cư, nhưng giải pháp không phải là khiến những người yếu thế trở nên dễ bị tổn thương hơn nữa"", ông Watts nói. Phát ngôn viên Turcotti cho biết trung tâm vốn rất quan tâm đến người vô gia cư và đã thuê hai nhân viên xã hội để đối thoại với họ. ""Mục đích của chúng tôi không phải ép buộc mà là hỗ trợ họ"", ông Turcotti nói. Trung tâm thương mại Complexe Desjardin ở Montreal, Canada. Ảnh: CBC David Chapman, giám đốc điều hành của Shelter Resilience Montreal, cho rằng vấn đề cốt lõi nằm ở tình trạng thiếu nơi trú ẩn cho người vô gia cư trong thành phố. Số lượng người vô gia cư ở Canada đang tăng cao. Trước đại dịch Covid-19, nước này ước tính có khoảng 235.000 người vô gia cư. ""Con số này hiện có thể tăng lên đến 300.000 người kể từ khi đại dịch bắt đầu, chủ yếu do chi phí sinh hoạt tăng vọt"", Tim Richter, Chủ tịch Liên minh Chấm dứt Vô gia cư Canada, nói. Đức Trung (Theo CBC, CTV, Montreal Gazette)"
Valencia một tháng sau thảm họa lũ quét,https://vnexpress.net/valencia-mot-thang-sau-tham-hoa-lu-quet-4822237.html,"Tây Ban NhaNhiều khu vực ở Valencia đã được dọn dẹp sạch sẽ, bắt đầu tái thiết cuộc sống sau trận lũ lịch sử tháng trước.","Đường phố làng Sedavi thuộc vùng Valencia sau trận lũ quét ngày 29/10 (trái) và ngày 29/11, tròn một tháng sau thảm họa. Những hình ảnh được truyền thông Tây Ban Nha công bố cho thấy kết quả của nỗ lực khắc phục hậu quả thiên tai của hàng nghìn binh sĩ, cảnh sát, lính cứu hỏa, tình nguyện viên ở khu vực Valencia. Trận lũ quét ngày 29/10 là đợt thiên tai nghiêm trọng nhất xảy ra ở Tây Ban Nha trong vòng hàng chục năm, khiến ít nhất 230 người chết, phủ đầy bùn đất khắp các thị trấn và làng mạc, phá hủy hàng loạt cầu, đường bộ, đường sắt, nhà cửa và xe cộ. Báo cáo từ Hội đồng Đại học Kiến trúc Tây Ban Nha cho hay vùng Valencia ""ghi nhận mức độ tàn phá và đổ nát chưa từng có"". Nhà thờ ở Paiporta được khôi phục dáng vẻ ban đầu. Paiporta là một trong những địa phương chịu thiệt hại nặng nhất, với 45 người thiệt mạng trong trận lũ. Hàng trăm người dân địa phương hôm 29/11 tập trung gần khe núi sạt lở sau lũ quét, thắp nến dọc đường để tưởng nhớ các nạn nhân. ""Chúng tôi đang tưởng niệm, thắp nến để báo cho các nạn nhân biết rằng họ không bị lãng quên. Người dân vẫn cảm thấy đơn độc, giận dữ, mệt mỏi và thất vọng. Chúng tôi đều kiệt sức"", Bea Garcia, 45 tuổi, giáo viên, nói. Lính cứu hỏa rửa trôi bùn đất trên một con phố ở Valencia. Hàng nghìn binh sĩ, cảnh sát, lính cứu hỏa và tình nguyện viên đang tiếp tục dọn dẹp, khắc phục thiệt hại, hút bùn đất từ các gara, tầng hầm, bãi đỗ xe ở Valencia. Lính cứu hỏa rửa trôi bùn đất trên một con phố ở Valencia. Hàng nghìn binh sĩ, cảnh sát, lính cứu hỏa và tình nguyện viên đang tiếp tục dọn dẹp, khắc phục thiệt hại, hút bùn đất từ các gara, tầng hầm, bãi đỗ xe ở Valencia. Đường ray tàu ở Sedavi trong quá trình sửa chữa, lực lượng chức năng đã dọn sạch các xe ôtô và cột đèn đổ rạp. Bùn đất bám trên tường nhà, đường phố ở Paiporta đã được cọ rửa sạch sẽ. Bộ trưởng Kinh tế Tây Ban Nha Carlos Cuerpo ngày 28/11 công bố danh sách tài sản thiệt hại theo dữ liệu bảo hiểm, gồm 69.000 ngôi nhà, 125.000 phương tiện và 12.500 cơ sở kinh doanh. Chính phủ Tây Ban Nha đang gặp khó khăn trong phân bổ gói viện trợ 16,6 tỷ euro (17,5 tỷ USD) dưới dạng tiền mặt hỗ trợ và cho vay để giúp người dân bị ảnh hưởng. Nước rút, xe cộ đã lưu thông trở lại trên đoạn cao tốc qua Horno de Alcedo. Ôtô phủ đầy bùn đất tập kết dọc con đường ở Valencia. Bất chấp nỗ lực của chính phủ, nhiều người dân vẫn thể hiện tuyệt vọng và cảm thấy bị bỏ rơi. Bà Fina Solaz, 69 tuổi, người dân Catarroja, chỉ trích ""chính quyền không làm gì cả"" trong lúc đang xếp hàng chờ nhận hàng hóa thiết yếu. Ôtô phủ đầy bùn đất tập kết dọc con đường ở Valencia. Bất chấp nỗ lực của chính phủ, nhiều người dân vẫn thể hiện tuyệt vọng và cảm thấy bị bỏ rơi. Bà Fina Solaz, 69 tuổi, người dân Catarroja, chỉ trích ""chính quyền không làm gì cả"" trong lúc đang xếp hàng chờ nhận hàng hóa thiết yếu. Một góc phố ở Paiporta nhìn từ trên cao. Phần lớn đường phố Sedavi đã sạch sẽ, nhưng vẫn còn một số vết bùn đất từ sau trận lũ. Đoạn đường sắt biến dạng vì mưa lũ ở Sedavi được khôi phục về trạng thái bình thường. Ảnh: AFP, AP Ảnh: AFP, AP"
Doanh nhân ăn quả chuối dán tường hơn 6 triệu USD,https://vnexpress.net/doanh-nhan-an-qua-chuoi-dan-tuong-hon-6-trieu-usd-4822264.html,"Doanh nhân tiền số Justin Sun ăn quả chuối của tác phẩm nghệ thuật 6,2 triệu USD, thực hiện đúng lời hứa khi chi tiền mua tác phẩm này.","""Nó ngon hơn nhiều so với những quả chuối khác. Thực sự rất ngon"", doanh nhân Justin Sun, 34 tuổi, nói với báo giới và các khách mời tới xem anh ăn quả chuối dán tường của tác phẩm Comedian hôm 29/11. Comedian được bán đấu giá ở Mỹ tuần trước và Sun là một trong 7 người tham gia trả giá. Doanh nhân này cho biết anh có cảm giác ""không tin nổi"" trong 10 giây đầu sau khi thắng đấu giá và sau đó quyết định sẽ ăn quả chuối. ""Hành động này cũng có thể trở thành một phần lịch sử của tác phẩm"", Sun nói. Justin Sun ăn quả chuối dán tường trong tác phẩm trị giá 6,2 triệu USD tại Hong Kong ngày 29/11. Ảnh: AFP Doanh nhân tiền số thêm rằng anh mới quyết định tham gia đấu giá Comedian gần đây và tự đặt ra ""những câu hỏi ngốc nghếch"" như liệu quả chuối bị hỏng không hay cách họ định giá tác phẩm này. Quả chuối dán tường được mua với giá chưa tới một USD từ quầy bán trái cây ở Manhattan, Mỹ. Shah Alam, người bán hàng tại quầy hoa quả này, có hoàn cảnh rất khó khăn. Sau khi biết tin về Alam, doanh nhân Sun tuyên bố muốn mua 100.000 quả chuối từ sạp hoa quả và sẽ phát miễn phí cho mỗi người một quả, chỉ cần người nhận đem theo căn cước. Doanh nhân Sun được cho là cũng đã mua bản quyền để tái tạo tác phẩm. Anh có quyền dán băng keo bất cứ quả chuối nào lên tường và đặt tên nó là Comedian. Sun chưa nêu ý định có làm như vậy hay không. Ngọc Ánh (Theo Guardian, AFP)"
